REF_AREA,Reference area,Frequency of observation,Measure,Unit of measure,Transport mode,TIME_PERIOD,OBS_VALUE
GBR,United Kingdom,Annual,Fatalities,Per 1 000 000 000 vehicle-kilometres,Road,2008,5.28
GBR,United Kingdom,Annual,Fatalities,Per 1 000 000 000 vehicle-kilometres,Road,2007,5.96
SWE,Sweden,Annual,Fatalities,Per 1 000 000 000 vehicle-kilometres,Road,1997,8.17
SWE,Sweden,Annual,Fatalities,Per 1 000 000 000 vehicle-kilometres,Road,2021,2.62
SWE,Sweden,Annual,Fatalities,Per 1 000 000 000 vehicle-kilometres,Road,2009,4.67
HRV,Croatia,Annual,Fatalities,Per 1 000 000 000 vehicle-kilometres,Road,2019,12.23
HRV,Croatia,Annual,Fatalities,Per 1 000 000 000 vehicle-kilometres,Road,2018,13.52
HRV,Croatia,Annual,Fatalities,Per 1 000 000 000 vehicle-kilometres,Road,1996,72.23
SWE,Sweden,Annual,Fatalities,Per 1 000 000 000 vehicle-kilometres,Road,2007,6.10
SWE,Sweden,Annual,Fatalities,Per 1 000 000 000 vehicle-kilometres,Road,2006,5.91
SWE,Sweden,Annual,Fatalities,Per 1 000 000 000 vehicle-kilometres,Road,2005,5.90
SWE,Sweden,Annual,Fatalities,Per 1 000 000 000 vehicle-kilometres,Road,2004,6.50
SWE,Sweden,Annual,Fatalities,Per 1 000 000 000 vehicle-kilometres,Road,2003,7.27
SWE,Sweden,Annual,Fatalities,Per 1 000 000 000 vehicle-kilometres,Road,2002,7.82
SWE,Sweden,Annual,Fatalities,Per 1 000 000 000 vehicle-kilometres,Road,2001,8.30
SWE,Sweden,Annual,Fatalities,Per 1 000 000 000 vehicle-kilometres,Road,2020,2.62
SWE,Sweden,Annual,Fatalities,Per 1 000 000 000 vehicle-kilometres,Road,2019,2.64
SWE,Sweden,Annual,Fatalities,Per 1 000 000 000 vehicle-kilometres,Road,2018,3.83
SWE,Sweden,Annual,Fatalities,Per 1 000 000 000 vehicle-kilometres,Road,2017,3.00
SWE,Sweden,Annual,Fatalities,Per 1 000 000 000 vehicle-kilometres,Road,2012,3.69
SWE,Sweden,Annual,Fatalities,Per 1 000 000 000 vehicle-kilometres,Road,2011,4.10
SWE,Sweden,Annual,Fatalities,Per 1 000 000 000 vehicle-kilometres,Road,1998,7.93
SWE,Sweden,Annual,Fatalities,Per 1 000 000 000 vehicle-kilometres,Road,2015,3.21
SWE,Sweden,Annual,Fatalities,Per 1 000 000 000 vehicle-kilometres,Road,2014,3.41
ARM,Armenia,Annual,Fatalities,Per 1 000 000 000 vehicle-kilometres,Road,2015,632.54
ARM,Armenia,Annual,Fatalities,Per 1 000 000 000 vehicle-kilometres,Road,2014,521.97
ARM,Armenia,Annual,Fatalities,Per 1 000 000 000 vehicle-kilometres,Road,2013,551.48
ARM,Armenia,Annual,Fatalities,Per 1 000 000 000 vehicle-kilometres,Road,2012,547.54
ARM,Armenia,Annual,Fatalities,Per 1 000 000 000 vehicle-kilometres,Road,2008,730.70
ARM,Armenia,Annual,Fatalities,Per 1 000 000 000 vehicle-kilometres,Road,2005,702.95
ARM,Armenia,Annual,Fatalities,Per 1 000 000 000 vehicle-kilometres,Road,2003,794.95
ARM,Armenia,Annual,Fatalities,Per 1 000 000 000 vehicle-kilometres,Road,2002,896.95
ARM,Armenia,Annual,Fatalities,Per 1 000 000 000 vehicle-kilometres,Road,2001,1000.00
ARM,Armenia,Annual,Fatalities,Per 1 000 000 000 vehicle-kilometres,Road,2000,981.65
ARM,Armenia,Annual,Fatalities,Per 1 000 000 000 vehicle-kilometres,Road,1999,1174.36
ARM,Armenia,Annual,Fatalities,Per 1 000 000 000 vehicle-kilometres,Road,1998,1305.79
ARM,Armenia,Annual,Fatalities,Per 1 000 000 000 vehicle-kilometres,Road,1997,813.08
ARM,Armenia,Annual,Fatalities,Per 1 000 000 000 vehicle-kilometres,Road,2017,532.44
LVA,Latvia,Annual,Fatalities,Per 1 000 000 000 vehicle-kilometres,Road,2019,9.34
LVA,Latvia,Annual,Fatalities,Per 1 000 000 000 vehicle-kilometres,Road,2012,16.13
LVA,Latvia,Annual,Fatalities,Per 1 000 000 000 vehicle-kilometres,Road,2018,10.56
LVA,Latvia,Annual,Fatalities,Per 1 000 000 000 vehicle-kilometres,Road,2017,9.69
LVA,Latvia,Annual,Fatalities,Per 1 000 000 000 vehicle-kilometres,Road,2016,12.10
LVA,Latvia,Annual,Fatalities,Per 1 000 000 000 vehicle-kilometres,Road,2015,14.76
LVA,Latvia,Annual,Fatalities,Per 1 000 000 000 vehicle-kilometres,Road,2014,17.68
LVA,Latvia,Annual,Fatalities,Per 1 000 000 000 vehicle-kilometres,Road,2013,15.91
LVA,Latvia,Annual,Fatalities,Per 1 000 000 000 vehicle-kilometres,Road,2011,16.73
LVA,Latvia,Annual,Fatalities,Per 1 000 000 000 vehicle-kilometres,Road,2010,19.97
SWE,Sweden,Annual,Fatalities,Per 1 000 000 000 vehicle-kilometres,Road,2010,3.47
SWE,Sweden,Annual,Fatalities,Per 1 000 000 000 vehicle-kilometres,Road,2000,8.53
SWE,Sweden,Annual,Fatalities,Per 1 000 000 000 vehicle-kilometres,Road,2008,5.13
LVA,Latvia,Annual,Fatalities,Per 1 000 000 000 vehicle-kilometres,Road,2001,61.60
LVA,Latvia,Annual,Fatalities,Per 1 000 000 000 vehicle-kilometres,Road,2021,11.52
TUR,Türkiye,Annual,Fatalities,Per 1 000 000 000 vehicle-kilometres,Road,2018,21.75
TUR,Türkiye,Annual,Fatalities,Per 1 000 000 000 vehicle-kilometres,Road,2015,30.00
TUR,Türkiye,Annual,Fatalities,Per 1 000 000 000 vehicle-kilometres,Road,2017,24.41
TUR,Türkiye,Annual,Fatalities,Per 1 000 000 000 vehicle-kilometres,Road,2016,25.98
TUR,Türkiye,Annual,Fatalities,Per 1 000 000 000 vehicle-kilometres,Road,2020,16.19
MLT,Malta,Annual,Fatalities,Per 1 000 000 000 vehicle-kilometres,Road,2019,5.62
MLT,Malta,Annual,Fatalities,Per 1 000 000 000 vehicle-kilometres,Road,2018,6.36
MLT,Malta,Annual,Fatalities,Per 1 000 000 000 vehicle-kilometres,Road,2017,6.76
MLT,Malta,Annual,Fatalities,Per 1 000 000 000 vehicle-kilometres,Road,2016,15.76
MLT,Malta,Annual,Fatalities,Per 1 000 000 000 vehicle-kilometres,Road,2015,7.59
MLT,Malta,Annual,Fatalities,Per 1 000 000 000 vehicle-kilometres,Road,2014,6.95
NOR,Norway,Annual,Fatalities,Per 1 000 000 000 vehicle-kilometres,Road,2013,4.26
NOR,Norway,Annual,Fatalities,Per 1 000 000 000 vehicle-kilometres,Road,2012,3.30
NOR,Norway,Annual,Fatalities,Per 1 000 000 000 vehicle-kilometres,Road,2018,2.35
NOR,Norway,Annual,Fatalities,Per 1 000 000 000 vehicle-kilometres,Road,2017,2.34
NOR,Norway,Annual,Fatalities,Per 1 000 000 000 vehicle-kilometres,Road,2016,3.02
NOR,Norway,Annual,Fatalities,Per 1 000 000 000 vehicle-kilometres,Road,2000,10.48
NOR,Norway,Annual,Fatalities,Per 1 000 000 000 vehicle-kilometres,Road,1999,9.55
NOR,Norway,Annual,Fatalities,Per 1 000 000 000 vehicle-kilometres,Road,1998,11.10
NOR,Norway,Annual,Fatalities,Per 1 000 000 000 vehicle-kilometres,Road,2011,3.92
NOR,Norway,Annual,Fatalities,Per 1 000 000 000 vehicle-kilometres,Road,2010,4.89
NOR,Norway,Annual,Fatalities,Per 1 000 000 000 vehicle-kilometres,Road,2009,4.98
NOR,Norway,Annual,Fatalities,Per 1 000 000 000 vehicle-kilometres,Road,2008,5.93
NOR,Norway,Annual,Fatalities,Per 1 000 000 000 vehicle-kilometres,Road,2007,5.50
NOR,Norway,Annual,Fatalities,Per 1 000 000 000 vehicle-kilometres,Road,2006,6.52
NOR,Norway,Annual,Fatalities,Per 1 000 000 000 vehicle-kilometres,Road,2005,6.13
NOR,Norway,Annual,Fatalities,Per 1 000 000 000 vehicle-kilometres,Road,2004,7.21
NOR,Norway,Annual,Fatalities,Per 1 000 000 000 vehicle-kilometres,Road,2003,8.01
NOR,Norway,Annual,Fatalities,Per 1 000 000 000 vehicle-kilometres,Road,2002,9.03
NOR,Norway,Annual,Fatalities,Per 1 000 000 000 vehicle-kilometres,Road,2001,8.25
NOR,Norway,Annual,Fatalities,Per 1 000 000 000 vehicle-kilometres,Road,2021,1.78
NOR,Norway,Annual,Fatalities,Per 1 000 000 000 vehicle-kilometres,Road,2020,2.14
NOR,Norway,Annual,Fatalities,Per 1 000 000 000 vehicle-kilometres,Road,2019,2.34
NOR,Norway,Annual,Fatalities,Per 1 000 000 000 vehicle-kilometres,Road,1997,9.81
NOR,Norway,Annual,Fatalities,Per 1 000 000 000 vehicle-kilometres,Road,1996,8.43
NOR,Norway,Annual,Fatalities,Per 1 000 000 000 vehicle-kilometres,Road,1995,10.47
NOR,Norway,Annual,Fatalities,Per 1 000 000 000 vehicle-kilometres,Road,1994,9.84
NOR,Norway,Annual,Fatalities,Per 1 000 000 000 vehicle-kilometres,Road,2015,2.64
UKR,Ukraine,Annual,Fatalities,Per 1 000 000 000 vehicle-kilometres,Road,2009,355.75
UKR,Ukraine,Annual,Fatalities,Per 1 000 000 000 vehicle-kilometres,Road,2008,454.91
UKR,Ukraine,Annual,Fatalities,Per 1 000 000 000 vehicle-kilometres,Road,2007,562.05
UKR,Ukraine,Annual,Fatalities,Per 1 000 000 000 vehicle-kilometres,Road,2006,464.06
UKR,Ukraine,Annual,Fatalities,Per 1 000 000 000 vehicle-kilometres,Road,2005,451.36
UKR,Ukraine,Annual,Fatalities,Per 1 000 000 000 vehicle-kilometres,Road,2017,262.86
UKR,Ukraine,Annual,Fatalities,Per 1 000 000 000 vehicle-kilometres,Road,2016,268.52
UKR,Ukraine,Annual,Fatalities,Per 1 000 000 000 vehicle-kilometres,Road,2015,325.06
UKR,Ukraine,Annual,Fatalities,Per 1 000 000 000 vehicle-kilometres,Road,2013,312.01
UKR,Ukraine,Annual,Fatalities,Per 1 000 000 000 vehicle-kilometres,Road,2012,318.60
UKR,Ukraine,Annual,Fatalities,Per 1 000 000 000 vehicle-kilometres,Road,2011,308.60
BEL,Belgium,Annual,Fatalities,Per 1 000 000 000 vehicle-kilometres,Road,2008,10.06
BEL,Belgium,Annual,Fatalities,Per 1 000 000 000 vehicle-kilometres,Road,2007,11.07
BEL,Belgium,Annual,Fatalities,Per 1 000 000 000 vehicle-kilometres,Road,2013,7.82
BEL,Belgium,Annual,Fatalities,Per 1 000 000 000 vehicle-kilometres,Road,2012,8.34
BEL,Belgium,Annual,Fatalities,Per 1 000 000 000 vehicle-kilometres,Road,2011,8.87
SWE,Sweden,Annual,Fatalities,Per 1 000 000 000 vehicle-kilometres,Road,2016,3.27
SWE,Sweden,Annual,Fatalities,Per 1 000 000 000 vehicle-kilometres,Road,1999,8.45
SWE,Sweden,Annual,Fatalities,Per 1 000 000 000 vehicle-kilometres,Road,1996,8.13
SWE,Sweden,Annual,Fatalities,Per 1 000 000 000 vehicle-kilometres,Road,1995,8.71
SWE,Sweden,Annual,Fatalities,Per 1 000 000 000 vehicle-kilometres,Road,1994,9.07
BEL,Belgium,Annual,Fatalities,Per 1 000 000 000 vehicle-kilometres,Road,2015,7.62
BEL,Belgium,Annual,Fatalities,Per 1 000 000 000 vehicle-kilometres,Road,2014,7.51
ROU,Romania,Annual,Fatalities,Per 1 000 000 000 vehicle-kilometres,Road,2018,32.81
ROU,Romania,Annual,Fatalities,Per 1 000 000 000 vehicle-kilometres,Road,2017,35.30
ROU,Romania,Annual,Fatalities,Per 1 000 000 000 vehicle-kilometres,Road,2016,35.63
ROU,Romania,Annual,Fatalities,Per 1 000 000 000 vehicle-kilometres,Road,2015,36.28
ROU,Romania,Annual,Fatalities,Per 1 000 000 000 vehicle-kilometres,Road,2014,36.61
ROU,Romania,Annual,Fatalities,Per 1 000 000 000 vehicle-kilometres,Road,2013,39.33
ROU,Romania,Annual,Fatalities,Per 1 000 000 000 vehicle-kilometres,Road,2012,45.81
ROU,Romania,Annual,Fatalities,Per 1 000 000 000 vehicle-kilometres,Road,2011,47.08
ROU,Romania,Annual,Fatalities,Per 1 000 000 000 vehicle-kilometres,Road,2010,57.65
CZE,Czechia,Annual,Fatalities,Per 1 000 000 000 vehicle-kilometres,Road,2013,13.87
CZE,Czechia,Annual,Fatalities,Per 1 000 000 000 vehicle-kilometres,Road,2012,15.83
CZE,Czechia,Annual,Fatalities,Per 1 000 000 000 vehicle-kilometres,Road,2018,11.62
CZE,Czechia,Annual,Fatalities,Per 1 000 000 000 vehicle-kilometres,Road,2017,10.53
CZE,Czechia,Annual,Fatalities,Per 1 000 000 000 vehicle-kilometres,Road,2016,11.55
CZE,Czechia,Annual,Fatalities,Per 1 000 000 000 vehicle-kilometres,Road,2000,36.71
CZE,Czechia,Annual,Fatalities,Per 1 000 000 000 vehicle-kilometres,Road,1999,36.11
CZE,Czechia,Annual,Fatalities,Per 1 000 000 000 vehicle-kilometres,Road,1998,34.85
CZE,Czechia,Annual,Fatalities,Per 1 000 000 000 vehicle-kilometres,Road,2011,16.26
CZE,Czechia,Annual,Fatalities,Per 1 000 000 000 vehicle-kilometres,Road,2010,17.24
CZE,Czechia,Annual,Fatalities,Per 1 000 000 000 vehicle-kilometres,Road,2009,16.82
CZE,Czechia,Annual,Fatalities,Per 1 000 000 000 vehicle-kilometres,Road,2008,20.72
CZE,Czechia,Annual,Fatalities,Per 1 000 000 000 vehicle-kilometres,Road,2007,24.28
CZE,Czechia,Annual,Fatalities,Per 1 000 000 000 vehicle-kilometres,Road,2006,21.92
CZE,Czechia,Annual,Fatalities,Per 1 000 000 000 vehicle-kilometres,Road,2005,25.59
CZE,Czechia,Annual,Fatalities,Per 1 000 000 000 vehicle-kilometres,Road,2004,29.22
CZE,Czechia,Annual,Fatalities,Per 1 000 000 000 vehicle-kilometres,Road,2003,31.67
CZE,Czechia,Annual,Fatalities,Per 1 000 000 000 vehicle-kilometres,Road,2002,33.13
CZE,Czechia,Annual,Fatalities,Per 1 000 000 000 vehicle-kilometres,Road,2001,32.56
CZE,Czechia,Annual,Fatalities,Per 1 000 000 000 vehicle-kilometres,Road,2021,9.93
CZE,Czechia,Annual,Fatalities,Per 1 000 000 000 vehicle-kilometres,Road,2020,9.96
CZE,Czechia,Annual,Fatalities,Per 1 000 000 000 vehicle-kilometres,Road,2019,10.75
CZE,Czechia,Annual,Fatalities,Per 1 000 000 000 vehicle-kilometres,Road,1997,43.35
CZE,Czechia,Annual,Fatalities,Per 1 000 000 000 vehicle-kilometres,Road,1996,45.20
CZE,Czechia,Annual,Fatalities,Per 1 000 000 000 vehicle-kilometres,Road,1995,49.04
CZE,Czechia,Annual,Fatalities,Per 1 000 000 000 vehicle-kilometres,Road,2015,14.49
IRL,Ireland,Annual,Fatalities,Per 1 000 000 000 vehicle-kilometres,Road,2010,5.03
IRL,Ireland,Annual,Fatalities,Per 1 000 000 000 vehicle-kilometres,Road,2009,5.28
IRL,Ireland,Annual,Fatalities,Per 1 000 000 000 vehicle-kilometres,Road,2013,4.50
IRL,Ireland,Annual,Fatalities,Per 1 000 000 000 vehicle-kilometres,Road,2021,3.25
IRL,Ireland,Annual,Fatalities,Per 1 000 000 000 vehicle-kilometres,Road,2020,4.06
IRL,Ireland,Annual,Fatalities,Per 1 000 000 000 vehicle-kilometres,Road,2019,2.97
IRL,Ireland,Annual,Fatalities,Per 1 000 000 000 vehicle-kilometres,Road,2012,4.01
IRL,Ireland,Annual,Fatalities,Per 1 000 000 000 vehicle-kilometres,Road,2011,4.46
IRL,Ireland,Annual,Fatalities,Per 1 000 000 000 vehicle-kilometres,Road,2008,6.38
IRL,Ireland,Annual,Fatalities,Per 1 000 000 000 vehicle-kilometres,Road,2007,7.01
IRL,Ireland,Annual,Fatalities,Per 1 000 000 000 vehicle-kilometres,Road,2006,8.06
IRL,Ireland,Annual,Fatalities,Per 1 000 000 000 vehicle-kilometres,Road,2005,9.41
IRL,Ireland,Annual,Fatalities,Per 1 000 000 000 vehicle-kilometres,Road,2004,9.36
IRL,Ireland,Annual,Fatalities,Per 1 000 000 000 vehicle-kilometres,Road,2003,8.82
IRL,Ireland,Annual,Fatalities,Per 1 000 000 000 vehicle-kilometres,Road,2002,10.37
IRL,Ireland,Annual,Fatalities,Per 1 000 000 000 vehicle-kilometres,Road,2001,10.86
IRL,Ireland,Annual,Fatalities,Per 1 000 000 000 vehicle-kilometres,Road,2018,2.86
IRL,Ireland,Annual,Fatalities,Per 1 000 000 000 vehicle-kilometres,Road,2017,3.18
IRL,Ireland,Annual,Fatalities,Per 1 000 000 000 vehicle-kilometres,Road,2016,3.81
IRL,Ireland,Annual,Fatalities,Per 1 000 000 000 vehicle-kilometres,Road,2000,11.53
IRL,Ireland,Annual,Fatalities,Per 1 000 000 000 vehicle-kilometres,Road,1999,12.01
IRL,Ireland,Annual,Fatalities,Per 1 000 000 000 vehicle-kilometres,Road,1998,14.18
IRL,Ireland,Annual,Fatalities,Per 1 000 000 000 vehicle-kilometres,Road,1997,15.42
IRL,Ireland,Annual,Fatalities,Per 1 000 000 000 vehicle-kilometres,Road,1996,15.09
IRL,Ireland,Annual,Fatalities,Per 1 000 000 000 vehicle-kilometres,Road,1995,13.74
IRL,Ireland,Annual,Fatalities,Per 1 000 000 000 vehicle-kilometres,Road,1994,13.80
IRL,Ireland,Annual,Fatalities,Per 1 000 000 000 vehicle-kilometres,Road,2015,3.54
MKD,North Macedonia,Annual,Fatalities,Per 1 000 000 000 vehicle-kilometres,Road,2020,26.33
MKD,North Macedonia,Annual,Fatalities,Per 1 000 000 000 vehicle-kilometres,Road,2019,27.54
MKD,North Macedonia,Annual,Fatalities,Per 1 000 000 000 vehicle-kilometres,Road,2018,27.71
MKD,North Macedonia,Annual,Fatalities,Per 1 000 000 000 vehicle-kilometres,Road,2017,32.07
MKD,North Macedonia,Annual,Fatalities,Per 1 000 000 000 vehicle-kilometres,Road,2016,36.39
MKD,North Macedonia,Annual,Fatalities,Per 1 000 000 000 vehicle-kilometres,Road,2015,33.48
MKD,North Macedonia,Annual,Fatalities,Per 1 000 000 000 vehicle-kilometres,Road,2014,30.42
MKD,North Macedonia,Annual,Fatalities,Per 1 000 000 000 vehicle-kilometres,Road,2013,51.94
MKD,North Macedonia,Annual,Fatalities,Per 1 000 000 000 vehicle-kilometres,Road,2012,37.14
AZE,Azerbaijan,Annual,Fatalities,Per 1 000 000 000 vehicle-kilometres,Road,2011,56.74
AZE,Azerbaijan,Annual,Fatalities,Per 1 000 000 000 vehicle-kilometres,Road,2001,866.80
AZE,Azerbaijan,Annual,Fatalities,Per 1 000 000 000 vehicle-kilometres,Road,2000,1281.72
AZE,Azerbaijan,Annual,Fatalities,Per 1 000 000 000 vehicle-kilometres,Road,1999,1398.99
AZE,Azerbaijan,Annual,Fatalities,Per 1 000 000 000 vehicle-kilometres,Road,1998,1282.94
AZE,Azerbaijan,Annual,Fatalities,Per 1 000 000 000 vehicle-kilometres,Road,1997,1018.81
AZE,Azerbaijan,Annual,Fatalities,Per 1 000 000 000 vehicle-kilometres,Road,1996,711.62
AZE,Azerbaijan,Annual,Fatalities,Per 1 000 000 000 vehicle-kilometres,Road,2019,33.28
GEO,Georgia,Annual,Fatalities,Per 1 000 000 000 vehicle-kilometres,Road,2001,1732.92
GEO,Georgia,Annual,Fatalities,Per 1 000 000 000 vehicle-kilometres,Road,2000,1582.28
GEO,Georgia,Annual,Fatalities,Per 1 000 000 000 vehicle-kilometres,Road,1999,1673.91
GEO,Georgia,Annual,Fatalities,Per 1 000 000 000 vehicle-kilometres,Road,1995,965.67
GEO,Georgia,Annual,Fatalities,Per 1 000 000 000 vehicle-kilometres,Road,2003,1738.60
BIH,Bosnia and Herzegovina,Annual,Fatalities,Per 1 000 000 000 vehicle-kilometres,Road,1994,5.12
USA,United States,Annual,Fatalities,Per 1 000 000 000 vehicle-kilometres,Road,2008,7.93
USA,United States,Annual,Fatalities,Per 1 000 000 000 vehicle-kilometres,Road,2007,8.46
USA,United States,Annual,Fatalities,Per 1 000 000 000 vehicle-kilometres,Road,2013,6.84
USA,United States,Annual,Fatalities,Per 1 000 000 000 vehicle-kilometres,Road,2012,7.10
USA,United States,Annual,Fatalities,Per 1 000 000 000 vehicle-kilometres,Road,2011,6.85
USA,United States,Annual,Fatalities,Per 1 000 000 000 vehicle-kilometres,Road,1995,10.72
USA,United States,Annual,Fatalities,Per 1 000 000 000 vehicle-kilometres,Road,1994,10.73
USA,United States,Annual,Fatalities,Per 1 000 000 000 vehicle-kilometres,Road,2021,8.29
USA,United States,Annual,Fatalities,Per 1 000 000 000 vehicle-kilometres,Road,2006,8.80
USA,United States,Annual,Fatalities,Per 1 000 000 000 vehicle-kilometres,Road,2005,9.04
USA,United States,Annual,Fatalities,Per 1 000 000 000 vehicle-kilometres,Road,2004,8.92
USA,United States,Annual,Fatalities,Per 1 000 000 000 vehicle-kilometres,Road,2003,9.22
USA,United States,Annual,Fatalities,Per 1 000 000 000 vehicle-kilometres,Road,2002,9.36
USA,United States,Annual,Fatalities,Per 1 000 000 000 vehicle-kilometres,Road,2001,9.38
USA,United States,Annual,Fatalities,Per 1 000 000 000 vehicle-kilometres,Road,2000,9.49
USA,United States,Annual,Fatalities,Per 1 000 000 000 vehicle-kilometres,Road,1999,9.64
USA,United States,Annual,Fatalities,Per 1 000 000 000 vehicle-kilometres,Road,1998,9.81
USA,United States,Annual,Fatalities,Per 1 000 000 000 vehicle-kilometres,Road,1997,10.23
USA,United States,Annual,Fatalities,Per 1 000 000 000 vehicle-kilometres,Road,1996,10.52
USA,United States,Annual,Fatalities,Per 1 000 000 000 vehicle-kilometres,Road,2016,7.41
USA,United States,Annual,Fatalities,Per 1 000 000 000 vehicle-kilometres,Road,2015,7.12
USA,United States,Annual,Fatalities,Per 1 000 000 000 vehicle-kilometres,Road,2014,6.72
USA,United States,Annual,Fatalities,Per 1 000 000 000 vehicle-kilometres,Road,2020,8.45
USA,United States,Annual,Fatalities,Per 1 000 000 000 vehicle-kilometres,Road,2019,6.95
USA,United States,Annual,Fatalities,Per 1 000 000 000 vehicle-kilometres,Road,2018,7.06
USA,United States,Annual,Fatalities,Per 1 000 000 000 vehicle-kilometres,Road,2017,7.25
USA,United States,Annual,Fatalities,Per 1 000 000 000 vehicle-kilometres,Road,2010,6.91
FIN,Finland,Annual,Fatalities,Per 1 000 000 000 vehicle-kilometres,Road,2013,4.76
FIN,Finland,Annual,Fatalities,Per 1 000 000 000 vehicle-kilometres,Road,2012,4.70
LVA,Latvia,Annual,Fatalities,Per 1 000 000 000 vehicle-kilometres,Road,2009,22.78
LVA,Latvia,Annual,Fatalities,Per 1 000 000 000 vehicle-kilometres,Road,2008,24.37
LVA,Latvia,Annual,Fatalities,Per 1 000 000 000 vehicle-kilometres,Road,2007,29.72
LVA,Latvia,Annual,Fatalities,Per 1 000 000 000 vehicle-kilometres,Road,2006,33.67
LVA,Latvia,Annual,Fatalities,Per 1 000 000 000 vehicle-kilometres,Road,2005,43.40
LVA,Latvia,Annual,Fatalities,Per 1 000 000 000 vehicle-kilometres,Road,2004,54.35
LVA,Latvia,Annual,Fatalities,Per 1 000 000 000 vehicle-kilometres,Road,2003,56.89
LVA,Latvia,Annual,Fatalities,Per 1 000 000 000 vehicle-kilometres,Road,2002,64.51
FIN,Finland,Annual,Fatalities,Per 1 000 000 000 vehicle-kilometres,Road,1995,10.46
FIN,Finland,Annual,Fatalities,Per 1 000 000 000 vehicle-kilometres,Road,1994,11.50
FIN,Finland,Annual,Fatalities,Per 1 000 000 000 vehicle-kilometres,Road,2015,4.90
FRA,France,Annual,Fatalities,Per 1 000 000 000 vehicle-kilometres,Road,1997,17.54
FRA,France,Annual,Fatalities,Per 1 000 000 000 vehicle-kilometres,Road,1996,18.15
FRA,France,Annual,Fatalities,Per 1 000 000 000 vehicle-kilometres,Road,2017,5.40
FRA,France,Annual,Fatalities,Per 1 000 000 000 vehicle-kilometres,Road,2016,5.52
FRA,France,Annual,Fatalities,Per 1 000 000 000 vehicle-kilometres,Road,2015,5.58
FRA,France,Annual,Fatalities,Per 1 000 000 000 vehicle-kilometres,Road,2014,5.52
FRA,France,Annual,Fatalities,Per 1 000 000 000 vehicle-kilometres,Road,2021,5.10
FRA,France,Annual,Fatalities,Per 1 000 000 000 vehicle-kilometres,Road,2012,6.00
FRA,France,Annual,Fatalities,Per 1 000 000 000 vehicle-kilometres,Road,1995,19.09
FRA,France,Annual,Fatalities,Per 1 000 000 000 vehicle-kilometres,Road,1994,19.84
FRA,France,Annual,Fatalities,Per 1 000 000 000 vehicle-kilometres,Road,2001,15.14
FRA,France,Annual,Fatalities,Per 1 000 000 000 vehicle-kilometres,Road,2008,7.74
FRA,France,Annual,Fatalities,Per 1 000 000 000 vehicle-kilometres,Road,2007,8.23
FRA,France,Annual,Fatalities,Per 1 000 000 000 vehicle-kilometres,Road,2006,8.48
FRA,France,Annual,Fatalities,Per 1 000 000 000 vehicle-kilometres,Road,2004,10.04
FRA,France,Annual,Fatalities,Per 1 000 000 000 vehicle-kilometres,Road,2003,10.96
FRA,France,Annual,Fatalities,Per 1 000 000 000 vehicle-kilometres,Road,2002,13.97
FRA,France,Annual,Fatalities,Per 1 000 000 000 vehicle-kilometres,Road,2000,15.59
FRA,France,Annual,Fatalities,Per 1 000 000 000 vehicle-kilometres,Road,1999,16.50
FRA,France,Annual,Fatalities,Per 1 000 000 000 vehicle-kilometres,Road,2020,4.78
FRA,France,Annual,Fatalities,Per 1 000 000 000 vehicle-kilometres,Road,2019,5.03
FRA,France,Annual,Fatalities,Per 1 000 000 000 vehicle-kilometres,Road,2018,5.08
FRA,France,Annual,Fatalities,Per 1 000 000 000 vehicle-kilometres,Road,2005,9.59
FRA,France,Annual,Fatalities,Per 1 000 000 000 vehicle-kilometres,Road,2013,5.38
FRA,France,Annual,Fatalities,Per 1 000 000 000 vehicle-kilometres,Road,2011,6.51
FRA,France,Annual,Fatalities,Per 1 000 000 000 vehicle-kilometres,Road,2010,6.96
FRA,France,Annual,Fatalities,Per 1 000 000 000 vehicle-kilometres,Road,2009,7.57
AUS,Australia,Annual,Fatalities,Per 1 000 000 000 vehicle-kilometres,Road,2017,4.70
AUS,Australia,Annual,Fatalities,Per 1 000 000 000 vehicle-kilometres,Road,2016,5.08
AUS,Australia,Annual,Fatalities,Per 1 000 000 000 vehicle-kilometres,Road,2021,4.56
AUS,Australia,Annual,Fatalities,Per 1 000 000 000 vehicle-kilometres,Road,2020,4.50
AUS,Australia,Annual,Fatalities,Per 1 000 000 000 vehicle-kilometres,Road,2019,4.62
AUS,Australia,Annual,Fatalities,Per 1 000 000 000 vehicle-kilometres,Road,2013,4.94
AUS,Australia,Annual,Fatalities,Per 1 000 000 000 vehicle-kilometres,Road,2015,4.85
AUS,Australia,Annual,Fatalities,Per 1 000 000 000 vehicle-kilometres,Road,2014,4.73
AUS,Australia,Annual,Fatalities,Per 1 000 000 000 vehicle-kilometres,Road,2000,9.84
AUS,Australia,Annual,Fatalities,Per 1 000 000 000 vehicle-kilometres,Road,1999,10.19
AUS,Australia,Annual,Fatalities,Per 1 000 000 000 vehicle-kilometres,Road,1998,10.45
AUS,Australia,Annual,Fatalities,Per 1 000 000 000 vehicle-kilometres,Road,2011,5.49
AUS,Australia,Annual,Fatalities,Per 1 000 000 000 vehicle-kilometres,Road,2010,5.90
AUS,Australia,Annual,Fatalities,Per 1 000 000 000 vehicle-kilometres,Road,2009,6.61
AUS,Australia,Annual,Fatalities,Per 1 000 000 000 vehicle-kilometres,Road,2008,6.39
AUS,Australia,Annual,Fatalities,Per 1 000 000 000 vehicle-kilometres,Road,2007,7.18
AUS,Australia,Annual,Fatalities,Per 1 000 000 000 vehicle-kilometres,Road,2006,7.27
AUS,Australia,Annual,Fatalities,Per 1 000 000 000 vehicle-kilometres,Road,2005,7.41
AUS,Australia,Annual,Fatalities,Per 1 000 000 000 vehicle-kilometres,Road,2004,7.30
AUS,Australia,Annual,Fatalities,Per 1 000 000 000 vehicle-kilometres,Road,2003,7.72
AUS,Australia,Annual,Fatalities,Per 1 000 000 000 vehicle-kilometres,Road,2002,8.92
AUS,Australia,Annual,Fatalities,Per 1 000 000 000 vehicle-kilometres,Road,2001,9.13
AUS,Australia,Annual,Fatalities,Per 1 000 000 000 vehicle-kilometres,Road,1995,12.11
AUS,Australia,Annual,Fatalities,Per 1 000 000 000 vehicle-kilometres,Road,2012,5.51
MEX,Mexico,Annual,Fatalities,Per 1 000 000 000 vehicle-kilometres,Road,2016,5.75
MEX,Mexico,Annual,Fatalities,Per 1 000 000 000 vehicle-kilometres,Road,2015,6.37
MEX,Mexico,Annual,Fatalities,Per 1 000 000 000 vehicle-kilometres,Road,2014,7.11
MEX,Mexico,Annual,Fatalities,Per 1 000 000 000 vehicle-kilometres,Road,2013,7.35
MEX,Mexico,Annual,Fatalities,Per 1 000 000 000 vehicle-kilometres,Road,2020,4.78
MEX,Mexico,Annual,Fatalities,Per 1 000 000 000 vehicle-kilometres,Road,2019,4.98
MEX,Mexico,Annual,Fatalities,Per 1 000 000 000 vehicle-kilometres,Road,2018,5.06
NZL,New Zealand,Annual,Fatalities,Per 1 000 000 000 vehicle-kilometres,Road,2018,7.86
NZL,New Zealand,Annual,Fatalities,Per 1 000 000 000 vehicle-kilometres,Road,2017,8.07
NZL,New Zealand,Annual,Fatalities,Per 1 000 000 000 vehicle-kilometres,Road,2005,10.35
NZL,New Zealand,Annual,Fatalities,Per 1 000 000 000 vehicle-kilometres,Road,2004,11.26
NZL,New Zealand,Annual,Fatalities,Per 1 000 000 000 vehicle-kilometres,Road,2003,12.28
NZL,New Zealand,Annual,Fatalities,Per 1 000 000 000 vehicle-kilometres,Road,2015,7.29
NZL,New Zealand,Annual,Fatalities,Per 1 000 000 000 vehicle-kilometres,Road,2014,6.96
NZL,New Zealand,Annual,Fatalities,Per 1 000 000 000 vehicle-kilometres,Road,2016,7.19
NZL,New Zealand,Annual,Fatalities,Per 1 000 000 000 vehicle-kilometres,Road,2000,13.25
NZL,New Zealand,Annual,Fatalities,Per 1 000 000 000 vehicle-kilometres,Road,1999,14.86
NZL,New Zealand,Annual,Fatalities,Per 1 000 000 000 vehicle-kilometres,Road,1998,15.24
NZL,New Zealand,Annual,Fatalities,Per 1 000 000 000 vehicle-kilometres,Road,1996,16.66
NZL,New Zealand,Annual,Fatalities,Per 1 000 000 000 vehicle-kilometres,Road,1995,19.64
NZL,New Zealand,Annual,Fatalities,Per 1 000 000 000 vehicle-kilometres,Road,1994,20.41
NZL,New Zealand,Annual,Fatalities,Per 1 000 000 000 vehicle-kilometres,Road,2013,6.20
NZL,New Zealand,Annual,Fatalities,Per 1 000 000 000 vehicle-kilometres,Road,2012,7.71
NZL,New Zealand,Annual,Fatalities,Per 1 000 000 000 vehicle-kilometres,Road,2011,7.11
NZL,New Zealand,Annual,Fatalities,Per 1 000 000 000 vehicle-kilometres,Road,2010,9.39
NZL,New Zealand,Annual,Fatalities,Per 1 000 000 000 vehicle-kilometres,Road,2009,9.59
NZL,New Zealand,Annual,Fatalities,Per 1 000 000 000 vehicle-kilometres,Road,2008,9.18
NZL,New Zealand,Annual,Fatalities,Per 1 000 000 000 vehicle-kilometres,Road,2007,10.46
NZL,New Zealand,Annual,Fatalities,Per 1 000 000 000 vehicle-kilometres,Road,2006,10.02
NZL,New Zealand,Annual,Fatalities,Per 1 000 000 000 vehicle-kilometres,Road,1997,16.97
NZL,New Zealand,Annual,Fatalities,Per 1 000 000 000 vehicle-kilometres,Road,2002,11.03
NZL,New Zealand,Annual,Fatalities,Per 1 000 000 000 vehicle-kilometres,Road,2001,12.78
NZL,New Zealand,Annual,Fatalities,Per 1 000 000 000 vehicle-kilometres,Road,2021,6.71
NZL,New Zealand,Annual,Fatalities,Per 1 000 000 000 vehicle-kilometres,Road,2020,6.90
LTU,Lithuania,Annual,Fatalities,Per 1 000 000 000 vehicle-kilometres,Road,2020,14.47
LTU,Lithuania,Annual,Fatalities,Per 1 000 000 000 vehicle-kilometres,Road,2019,14.20
LTU,Lithuania,Annual,Fatalities,Per 1 000 000 000 vehicle-kilometres,Road,2018,13.86
LTU,Lithuania,Annual,Fatalities,Per 1 000 000 000 vehicle-kilometres,Road,2017,15.74
LTU,Lithuania,Annual,Fatalities,Per 1 000 000 000 vehicle-kilometres,Road,2016,16.43
LTU,Lithuania,Annual,Fatalities,Per 1 000 000 000 vehicle-kilometres,Road,2015,21.74
LTU,Lithuania,Annual,Fatalities,Per 1 000 000 000 vehicle-kilometres,Road,2014,24.59
LTU,Lithuania,Annual,Fatalities,Per 1 000 000 000 vehicle-kilometres,Road,2013,24.75
LTU,Lithuania,Annual,Fatalities,Per 1 000 000 000 vehicle-kilometres,Road,2012,29.62
LTU,Lithuania,Annual,Fatalities,Per 1 000 000 000 vehicle-kilometres,Road,2011,29.17
LTU,Lithuania,Annual,Fatalities,Per 1 000 000 000 vehicle-kilometres,Road,2010,29.86
LTU,Lithuania,Annual,Fatalities,Per 1 000 000 000 vehicle-kilometres,Road,2009,36.64
LTU,Lithuania,Annual,Fatalities,Per 1 000 000 000 vehicle-kilometres,Road,2008,45.22
LTU,Lithuania,Annual,Fatalities,Per 1 000 000 000 vehicle-kilometres,Road,2007,69.42
LTU,Lithuania,Annual,Fatalities,Per 1 000 000 000 vehicle-kilometres,Road,2006,83.00
LTU,Lithuania,Annual,Fatalities,Per 1 000 000 000 vehicle-kilometres,Road,2005,90.16
LTU,Lithuania,Annual,Fatalities,Per 1 000 000 000 vehicle-kilometres,Road,2004,86.97
SVN,Slovenia,Annual,Fatalities,Per 1 000 000 000 vehicle-kilometres,Road,1999,25.60
SVN,Slovenia,Annual,Fatalities,Per 1 000 000 000 vehicle-kilometres,Road,1998,25.08
SVN,Slovenia,Annual,Fatalities,Per 1 000 000 000 vehicle-kilometres,Road,2021,5.67
SVN,Slovenia,Annual,Fatalities,Per 1 000 000 000 vehicle-kilometres,Road,2016,6.50
SVN,Slovenia,Annual,Fatalities,Per 1 000 000 000 vehicle-kilometres,Road,2011,10.63
SVN,Slovenia,Annual,Fatalities,Per 1 000 000 000 vehicle-kilometres,Road,1997,28.90
SVN,Slovenia,Annual,Fatalities,Per 1 000 000 000 vehicle-kilometres,Road,2013,9.83
SVN,Slovenia,Annual,Fatalities,Per 1 000 000 000 vehicle-kilometres,Road,2012,10.07
SVN,Slovenia,Annual,Fatalities,Per 1 000 000 000 vehicle-kilometres,Road,2010,7.74
SVN,Slovenia,Annual,Fatalities,Per 1 000 000 000 vehicle-kilometres,Road,2009,9.56
SVN,Slovenia,Annual,Fatalities,Per 1 000 000 000 vehicle-kilometres,Road,2004,18.15
SVN,Slovenia,Annual,Fatalities,Per 1 000 000 000 vehicle-kilometres,Road,2003,16.66
SVN,Slovenia,Annual,Fatalities,Per 1 000 000 000 vehicle-kilometres,Road,2002,19.06
SVN,Slovenia,Annual,Fatalities,Per 1 000 000 000 vehicle-kilometres,Road,2001,20.39
SVN,Slovenia,Annual,Fatalities,Per 1 000 000 000 vehicle-kilometres,Road,2008,12.27
BEL,Belgium,Annual,Fatalities,Per 1 000 000 000 vehicle-kilometres,Road,1995,18.75
BEL,Belgium,Annual,Fatalities,Per 1 000 000 000 vehicle-kilometres,Road,1994,21.35
BEL,Belgium,Annual,Fatalities,Per 1 000 000 000 vehicle-kilometres,Road,2010,8.61
BEL,Belgium,Annual,Fatalities,Per 1 000 000 000 vehicle-kilometres,Road,2006,11.47
BEL,Belgium,Annual,Fatalities,Per 1 000 000 000 vehicle-kilometres,Road,2005,11.91
BEL,Belgium,Annual,Fatalities,Per 1 000 000 000 vehicle-kilometres,Road,2004,12.30
BEL,Belgium,Annual,Fatalities,Per 1 000 000 000 vehicle-kilometres,Road,2003,13.06
BEL,Belgium,Annual,Fatalities,Per 1 000 000 000 vehicle-kilometres,Road,2002,14.60
BEL,Belgium,Annual,Fatalities,Per 1 000 000 000 vehicle-kilometres,Road,2001,16.25
BEL,Belgium,Annual,Fatalities,Per 1 000 000 000 vehicle-kilometres,Road,2000,16.33
BEL,Belgium,Annual,Fatalities,Per 1 000 000 000 vehicle-kilometres,Road,1999,15.68
BEL,Belgium,Annual,Fatalities,Per 1 000 000 000 vehicle-kilometres,Road,1998,17.43
BEL,Belgium,Annual,Fatalities,Per 1 000 000 000 vehicle-kilometres,Road,1997,16.43
BEL,Belgium,Annual,Fatalities,Per 1 000 000 000 vehicle-kilometres,Road,1996,16.65
BEL,Belgium,Annual,Fatalities,Per 1 000 000 000 vehicle-kilometres,Road,2016,6.59
ISR,Israel,Annual,Fatalities,Per 1 000 000 000 vehicle-kilometres,Road,1999,15.70
ISR,Israel,Annual,Fatalities,Per 1 000 000 000 vehicle-kilometres,Road,1998,18.66
ISR,Israel,Annual,Fatalities,Per 1 000 000 000 vehicle-kilometres,Road,1997,18.67
ISR,Israel,Annual,Fatalities,Per 1 000 000 000 vehicle-kilometres,Road,1995,23.14
ISR,Israel,Annual,Fatalities,Per 1 000 000 000 vehicle-kilometres,Road,1996,18.99
ISR,Israel,Annual,Fatalities,Per 1 000 000 000 vehicle-kilometres,Road,2009,7.09
ISR,Israel,Annual,Fatalities,Per 1 000 000 000 vehicle-kilometres,Road,2008,9.18
ISR,Israel,Annual,Fatalities,Per 1 000 000 000 vehicle-kilometres,Road,2007,9.22
ISL,Iceland,Annual,Fatalities,Per 1 000 000 000 vehicle-kilometres,Road,2000,13.72
ISL,Iceland,Annual,Fatalities,Per 1 000 000 000 vehicle-kilometres,Road,1999,9.36
ISL,Iceland,Annual,Fatalities,Per 1 000 000 000 vehicle-kilometres,Road,2005,6.77
ISL,Iceland,Annual,Fatalities,Per 1 000 000 000 vehicle-kilometres,Road,2004,8.68
ISL,Iceland,Annual,Fatalities,Per 1 000 000 000 vehicle-kilometres,Road,2003,8.95
ISL,Iceland,Annual,Fatalities,Per 1 000 000 000 vehicle-kilometres,Road,2010,2.62
ISL,Iceland,Annual,Fatalities,Per 1 000 000 000 vehicle-kilometres,Road,2009,5.52
ISL,Iceland,Annual,Fatalities,Per 1 000 000 000 vehicle-kilometres,Road,2021,2.18
ISL,Iceland,Annual,Fatalities,Per 1 000 000 000 vehicle-kilometres,Road,1998,12.86
ISL,Iceland,Annual,Fatalities,Per 1 000 000 000 vehicle-kilometres,Road,1997,7.87
ISL,Iceland,Annual,Fatalities,Per 1 000 000 000 vehicle-kilometres,Road,1996,5.36
ISL,Iceland,Annual,Fatalities,Per 1 000 000 000 vehicle-kilometres,Road,1995,13.58
ISL,Iceland,Annual,Fatalities,Per 1 000 000 000 vehicle-kilometres,Road,1994,6.86
ISL,Iceland,Annual,Fatalities,Per 1 000 000 000 vehicle-kilometres,Road,2016,4.52
ISL,Iceland,Annual,Fatalities,Per 1 000 000 000 vehicle-kilometres,Road,2015,4.66
ISL,Iceland,Annual,Fatalities,Per 1 000 000 000 vehicle-kilometres,Road,2014,1.24
ISL,Iceland,Annual,Fatalities,Per 1 000 000 000 vehicle-kilometres,Road,2013,4.90
ISL,Iceland,Annual,Fatalities,Per 1 000 000 000 vehicle-kilometres,Road,2012,3.02
ISL,Iceland,Annual,Fatalities,Per 1 000 000 000 vehicle-kilometres,Road,2011,4.08
ISL,Iceland,Annual,Fatalities,Per 1 000 000 000 vehicle-kilometres,Road,2008,3.94
ISL,Iceland,Annual,Fatalities,Per 1 000 000 000 vehicle-kilometres,Road,2007,4.80
ISL,Iceland,Annual,Fatalities,Per 1 000 000 000 vehicle-kilometres,Road,2006,10.41
ISL,Iceland,Annual,Fatalities,Per 1 000 000 000 vehicle-kilometres,Road,2020,2.32
ISL,Iceland,Annual,Fatalities,Per 1 000 000 000 vehicle-kilometres,Road,2019,1.35
ISL,Iceland,Annual,Fatalities,Per 1 000 000 000 vehicle-kilometres,Road,2018,4.01
ISL,Iceland,Annual,Fatalities,Per 1 000 000 000 vehicle-kilometres,Road,2017,3.67
ISL,Iceland,Annual,Fatalities,Per 1 000 000 000 vehicle-kilometres,Road,2002,11.60
CAN,Canada,Annual,Fatalities,Per 1 000 000 000 vehicle-kilometres,Road,2018,4.91
CAN,Canada,Annual,Fatalities,Per 1 000 000 000 vehicle-kilometres,Road,2017,4.77
CAN,Canada,Annual,Fatalities,Per 1 000 000 000 vehicle-kilometres,Road,2015,5.14
CAN,Canada,Annual,Fatalities,Per 1 000 000 000 vehicle-kilometres,Road,2014,5.32
CAN,Canada,Annual,Fatalities,Per 1 000 000 000 vehicle-kilometres,Road,2010,6.66
CAN,Canada,Annual,Fatalities,Per 1 000 000 000 vehicle-kilometres,Road,2013,5.54
CAN,Canada,Annual,Fatalities,Per 1 000 000 000 vehicle-kilometres,Road,2012,6.09
CAN,Canada,Annual,Fatalities,Per 1 000 000 000 vehicle-kilometres,Road,2011,6.00
CAN,Canada,Annual,Fatalities,Per 1 000 000 000 vehicle-kilometres,Road,2016,4.91
CAN,Canada,Annual,Fatalities,Per 1 000 000 000 vehicle-kilometres,Road,2009,6.65
CAN,Canada,Annual,Fatalities,Per 1 000 000 000 vehicle-kilometres,Road,2008,7.36
CAN,Canada,Annual,Fatalities,Per 1 000 000 000 vehicle-kilometres,Road,2007,8.18
CAN,Canada,Annual,Fatalities,Per 1 000 000 000 vehicle-kilometres,Road,2006,8.69
CAN,Canada,Annual,Fatalities,Per 1 000 000 000 vehicle-kilometres,Road,2003,8.82
CAN,Canada,Annual,Fatalities,Per 1 000 000 000 vehicle-kilometres,Road,2002,9.20
CAN,Canada,Annual,Fatalities,Per 1 000 000 000 vehicle-kilometres,Road,2001,8.85
CAN,Canada,Annual,Fatalities,Per 1 000 000 000 vehicle-kilometres,Road,2000,9.33
CAN,Canada,Annual,Fatalities,Per 1 000 000 000 vehicle-kilometres,Road,2020,4.68
CAN,Canada,Annual,Fatalities,Per 1 000 000 000 vehicle-kilometres,Road,2005,9.08
CAN,Canada,Annual,Fatalities,Per 1 000 000 000 vehicle-kilometres,Road,2019,4.30
CAN,Canada,Annual,Fatalities,Per 1 000 000 000 vehicle-kilometres,Road,2004,8.67
PRT,Portugal,Annual,Fatalities,Per 1 000 000 000 vehicle-kilometres,Road,2018,15.56
PRT,Portugal,Annual,Fatalities,Per 1 000 000 000 vehicle-kilometres,Road,1998,40.68
PRT,Portugal,Annual,Fatalities,Per 1 000 000 000 vehicle-kilometres,Road,1997,44.98
PRT,Portugal,Annual,Fatalities,Per 1 000 000 000 vehicle-kilometres,Road,1996,49.13
PRT,Portugal,Annual,Fatalities,Per 1 000 000 000 vehicle-kilometres,Road,1995,30.23
PRT,Portugal,Annual,Fatalities,Per 1 000 000 000 vehicle-kilometres,Road,1994,29.21
CHL,Chile,Annual,Fatalities,Per 1 000 000 000 vehicle-kilometres,Road,2019,43.23
CHL,Chile,Annual,Fatalities,Per 1 000 000 000 vehicle-kilometres,Road,2018,58.72
CHL,Chile,Annual,Fatalities,Per 1 000 000 000 vehicle-kilometres,Road,2021,42.93
AUT,Austria,Annual,Fatalities,Per 1 000 000 000 vehicle-kilometres,Road,2016,5.44
AUT,Austria,Annual,Fatalities,Per 1 000 000 000 vehicle-kilometres,Road,2015,6.21
AUT,Austria,Annual,Fatalities,Per 1 000 000 000 vehicle-kilometres,Road,2006,10.24
AUT,Austria,Annual,Fatalities,Per 1 000 000 000 vehicle-kilometres,Road,2005,10.96
AUT,Austria,Annual,Fatalities,Per 1 000 000 000 vehicle-kilometres,Road,2004,12.56
AUT,Austria,Annual,Fatalities,Per 1 000 000 000 vehicle-kilometres,Road,2003,13.52
AUT,Austria,Annual,Fatalities,Per 1 000 000 000 vehicle-kilometres,Road,2002,14.23
AUT,Austria,Annual,Fatalities,Per 1 000 000 000 vehicle-kilometres,Road,2012,7.34
AUT,Austria,Annual,Fatalities,Per 1 000 000 000 vehicle-kilometres,Road,2000,15.25
AUT,Austria,Annual,Fatalities,Per 1 000 000 000 vehicle-kilometres,Road,1999,17.26
AUT,Austria,Annual,Fatalities,Per 1 000 000 000 vehicle-kilometres,Road,1998,15.90
AUT,Austria,Annual,Fatalities,Per 1 000 000 000 vehicle-kilometres,Road,1997,18.83
AUT,Austria,Annual,Fatalities,Per 1 000 000 000 vehicle-kilometres,Road,1996,17.89
AUT,Austria,Annual,Fatalities,Per 1 000 000 000 vehicle-kilometres,Road,1995,21.79
AUT,Austria,Annual,Fatalities,Per 1 000 000 000 vehicle-kilometres,Road,1994,24.62
AUT,Austria,Annual,Fatalities,Per 1 000 000 000 vehicle-kilometres,Road,2014,5.72
AUT,Austria,Annual,Fatalities,Per 1 000 000 000 vehicle-kilometres,Road,2013,6.21
AUT,Austria,Annual,Fatalities,Per 1 000 000 000 vehicle-kilometres,Road,2011,7.22
AUT,Austria,Annual,Fatalities,Per 1 000 000 000 vehicle-kilometres,Road,2010,7.76
AUT,Austria,Annual,Fatalities,Per 1 000 000 000 vehicle-kilometres,Road,2009,9.04
AUT,Austria,Annual,Fatalities,Per 1 000 000 000 vehicle-kilometres,Road,2008,9.60
AUT,Austria,Annual,Fatalities,Per 1 000 000 000 vehicle-kilometres,Road,2007,9.53
AUT,Austria,Annual,Fatalities,Per 1 000 000 000 vehicle-kilometres,Road,2017,5.11
AUT,Austria,Annual,Fatalities,Per 1 000 000 000 vehicle-kilometres,Road,2001,14.67
AUT,Austria,Annual,Fatalities,Per 1 000 000 000 vehicle-kilometres,Road,2020,4.83
AUT,Austria,Annual,Fatalities,Per 1 000 000 000 vehicle-kilometres,Road,2019,4.89
POL,Poland,Annual,Fatalities,Per 1 000 000 000 vehicle-kilometres,Road,2018,11.70
POL,Poland,Annual,Fatalities,Per 1 000 000 000 vehicle-kilometres,Road,2017,11.88
POL,Poland,Annual,Fatalities,Per 1 000 000 000 vehicle-kilometres,Road,2016,13.16
POL,Poland,Annual,Fatalities,Per 1 000 000 000 vehicle-kilometres,Road,2015,13.23
POL,Poland,Annual,Fatalities,Per 1 000 000 000 vehicle-kilometres,Road,2014,14.71
POL,Poland,Annual,Fatalities,Per 1 000 000 000 vehicle-kilometres,Road,2013,15.82
POL,Poland,Annual,Fatalities,Per 1 000 000 000 vehicle-kilometres,Road,2012,17.23
POL,Poland,Annual,Fatalities,Per 1 000 000 000 vehicle-kilometres,Road,2011,20.18
POL,Poland,Annual,Fatalities,Per 1 000 000 000 vehicle-kilometres,Road,2010,19.60
POL,Poland,Annual,Fatalities,Per 1 000 000 000 vehicle-kilometres,Road,2009,24.36
POL,Poland,Annual,Fatalities,Per 1 000 000 000 vehicle-kilometres,Road,2008,30.27
JPN,Japan,Annual,Fatalities,Per 1 000 000 000 vehicle-kilometres,Road,2015,6.84
JPN,Japan,Annual,Fatalities,Per 1 000 000 000 vehicle-kilometres,Road,2014,6.72
JPN,Japan,Annual,Fatalities,Per 1 000 000 000 vehicle-kilometres,Road,2013,7.13
JPN,Japan,Annual,Fatalities,Per 1 000 000 000 vehicle-kilometres,Road,2018,5.59
JPN,Japan,Annual,Fatalities,Per 1 000 000 000 vehicle-kilometres,Road,2017,6.03
JPN,Japan,Annual,Fatalities,Per 1 000 000 000 vehicle-kilometres,Road,2016,6.41
JPN,Japan,Annual,Fatalities,Per 1 000 000 000 vehicle-kilometres,Road,2000,10.81
JPN,Japan,Annual,Fatalities,Per 1 000 000 000 vehicle-kilometres,Road,1999,10.99
JPN,Japan,Annual,Fatalities,Per 1 000 000 000 vehicle-kilometres,Road,1998,11.60
JPN,Japan,Annual,Fatalities,Per 1 000 000 000 vehicle-kilometres,Road,2012,7.27
JPN,Japan,Annual,Fatalities,Per 1 000 000 000 vehicle-kilometres,Road,2011,7.83
FIN,Finland,Annual,Fatalities,Per 1 000 000 000 vehicle-kilometres,Road,2017,4.74
FIN,Finland,Annual,Fatalities,Per 1 000 000 000 vehicle-kilometres,Road,2016,5.12
FIN,Finland,Annual,Fatalities,Per 1 000 000 000 vehicle-kilometres,Road,2000,8.48
FIN,Finland,Annual,Fatalities,Per 1 000 000 000 vehicle-kilometres,Road,1999,9.37
FIN,Finland,Annual,Fatalities,Per 1 000 000 000 vehicle-kilometres,Road,1998,8.93
FIN,Finland,Annual,Fatalities,Per 1 000 000 000 vehicle-kilometres,Road,2003,7.61
FIN,Finland,Annual,Fatalities,Per 1 000 000 000 vehicle-kilometres,Road,2011,5.36
FIN,Finland,Annual,Fatalities,Per 1 000 000 000 vehicle-kilometres,Road,2010,5.05
FIN,Finland,Annual,Fatalities,Per 1 000 000 000 vehicle-kilometres,Road,2009,5.23
FIN,Finland,Annual,Fatalities,Per 1 000 000 000 vehicle-kilometres,Road,2008,6.49
FIN,Finland,Annual,Fatalities,Per 1 000 000 000 vehicle-kilometres,Road,2007,7.14
FIN,Finland,Annual,Fatalities,Per 1 000 000 000 vehicle-kilometres,Road,2006,6.44
FIN,Finland,Annual,Fatalities,Per 1 000 000 000 vehicle-kilometres,Road,2005,7.33
FIN,Finland,Annual,Fatalities,Per 1 000 000 000 vehicle-kilometres,Road,2004,7.37
FIN,Finland,Annual,Fatalities,Per 1 000 000 000 vehicle-kilometres,Road,2002,8.51
FIN,Finland,Annual,Fatalities,Per 1 000 000 000 vehicle-kilometres,Road,2001,9.09
FIN,Finland,Annual,Fatalities,Per 1 000 000 000 vehicle-kilometres,Road,2021,4.66
FIN,Finland,Annual,Fatalities,Per 1 000 000 000 vehicle-kilometres,Road,2020,4.59
FIN,Finland,Annual,Fatalities,Per 1 000 000 000 vehicle-kilometres,Road,2019,4.19
FIN,Finland,Annual,Fatalities,Per 1 000 000 000 vehicle-kilometres,Road,2018,4.74
FIN,Finland,Annual,Fatalities,Per 1 000 000 000 vehicle-kilometres,Road,1997,10.06
FIN,Finland,Annual,Fatalities,Per 1 000 000 000 vehicle-kilometres,Road,1996,9.50
MDA,Moldova,Annual,Fatalities,Per 1 000 000 000 vehicle-kilometres,Road,2017,177.86
MDA,Moldova,Annual,Fatalities,Per 1 000 000 000 vehicle-kilometres,Road,2016,186.67
MDA,Moldova,Annual,Fatalities,Per 1 000 000 000 vehicle-kilometres,Road,2015,182.04
MDA,Moldova,Annual,Fatalities,Per 1 000 000 000 vehicle-kilometres,Road,2014,216.87
MDA,Moldova,Annual,Fatalities,Per 1 000 000 000 vehicle-kilometres,Road,2002,534.37
ESP,Spain,Annual,Fatalities,Per 1 000 000 000 vehicle-kilometres,Road,2012,8.48
ESP,Spain,Annual,Fatalities,Per 1 000 000 000 vehicle-kilometres,Road,2011,8.78
ESP,Spain,Annual,Fatalities,Per 1 000 000 000 vehicle-kilometres,Road,2017,7.48
ESP,Spain,Annual,Fatalities,Per 1 000 000 000 vehicle-kilometres,Road,2016,7.56
ESP,Spain,Annual,Fatalities,Per 1 000 000 000 vehicle-kilometres,Road,2000,27.70
ESP,Spain,Annual,Fatalities,Per 1 000 000 000 vehicle-kilometres,Road,1999,28.43
ESP,Spain,Annual,Fatalities,Per 1 000 000 000 vehicle-kilometres,Road,1998,31.60
ESP,Spain,Annual,Fatalities,Per 1 000 000 000 vehicle-kilometres,Road,1997,31.21
ESP,Spain,Annual,Fatalities,Per 1 000 000 000 vehicle-kilometres,Road,2010,10.28
ESP,Spain,Annual,Fatalities,Per 1 000 000 000 vehicle-kilometres,Road,2009,10.88
ESP,Spain,Annual,Fatalities,Per 1 000 000 000 vehicle-kilometres,Road,2008,12.31
ESP,Spain,Annual,Fatalities,Per 1 000 000 000 vehicle-kilometres,Road,2007,14.90
ESP,Spain,Annual,Fatalities,Per 1 000 000 000 vehicle-kilometres,Road,2006,16.56
ESP,Spain,Annual,Fatalities,Per 1 000 000 000 vehicle-kilometres,Road,2005,18.13
ESP,Spain,Annual,Fatalities,Per 1 000 000 000 vehicle-kilometres,Road,2004,19.61
ESP,Spain,Annual,Fatalities,Per 1 000 000 000 vehicle-kilometres,Road,2003,22.84
ESP,Spain,Annual,Fatalities,Per 1 000 000 000 vehicle-kilometres,Road,2002,23.43
ESP,Spain,Annual,Fatalities,Per 1 000 000 000 vehicle-kilometres,Road,2001,25.34
ESP,Spain,Annual,Fatalities,Per 1 000 000 000 vehicle-kilometres,Road,2021,6.39
ESP,Spain,Annual,Fatalities,Per 1 000 000 000 vehicle-kilometres,Road,2020,7.00
ESP,Spain,Annual,Fatalities,Per 1 000 000 000 vehicle-kilometres,Road,2019,6.96
ESP,Spain,Annual,Fatalities,Per 1 000 000 000 vehicle-kilometres,Road,2018,7.22
ESP,Spain,Annual,Fatalities,Per 1 000 000 000 vehicle-kilometres,Road,1996,31.57
ESP,Spain,Annual,Fatalities,Per 1 000 000 000 vehicle-kilometres,Road,1995,34.59
ESP,Spain,Annual,Fatalities,Per 1 000 000 000 vehicle-kilometres,Road,2015,7.32
ESP,Spain,Annual,Fatalities,Per 1 000 000 000 vehicle-kilometres,Road,2014,7.58
KOR,Korea,Annual,Fatalities,Per 1 000 000 000 vehicle-kilometres,Road,2013,18.35
KOR,Korea,Annual,Fatalities,Per 1 000 000 000 vehicle-kilometres,Road,2012,19.30
KOR,Korea,Annual,Fatalities,Per 1 000 000 000 vehicle-kilometres,Road,2018,11.56
KOR,Korea,Annual,Fatalities,Per 1 000 000 000 vehicle-kilometres,Road,2017,13.08
KOR,Korea,Annual,Fatalities,Per 1 000 000 000 vehicle-kilometres,Road,2016,13.79
KOR,Korea,Annual,Fatalities,Per 1 000 000 000 vehicle-kilometres,Road,2000,49.45
KOR,Korea,Annual,Fatalities,Per 1 000 000 000 vehicle-kilometres,Road,2015,15.49
KOR,Korea,Annual,Fatalities,Per 1 000 000 000 vehicle-kilometres,Road,2014,16.42
KOR,Korea,Annual,Fatalities,Per 1 000 000 000 vehicle-kilometres,Road,2011,19.78
KOR,Korea,Annual,Fatalities,Per 1 000 000 000 vehicle-kilometres,Road,2010,18.66
KOR,Korea,Annual,Fatalities,Per 1 000 000 000 vehicle-kilometres,Road,2009,20.02
KOR,Korea,Annual,Fatalities,Per 1 000 000 000 vehicle-kilometres,Road,2008,17.90
KOR,Korea,Annual,Fatalities,Per 1 000 000 000 vehicle-kilometres,Road,2007,18.62
KOR,Korea,Annual,Fatalities,Per 1 000 000 000 vehicle-kilometres,Road,2006,19.26
KOR,Korea,Annual,Fatalities,Per 1 000 000 000 vehicle-kilometres,Road,2005,18.29
KOR,Korea,Annual,Fatalities,Per 1 000 000 000 vehicle-kilometres,Road,2004,23.13
KOR,Korea,Annual,Fatalities,Per 1 000 000 000 vehicle-kilometres,Road,2003,25.96
KOR,Korea,Annual,Fatalities,Per 1 000 000 000 vehicle-kilometres,Road,2002,27.87
KOR,Korea,Annual,Fatalities,Per 1 000 000 000 vehicle-kilometres,Road,2001,33.22
KOR,Korea,Annual,Fatalities,Per 1 000 000 000 vehicle-kilometres,Road,2021,8.18
KOR,Korea,Annual,Fatalities,Per 1 000 000 000 vehicle-kilometres,Road,2020,9.28
DNK,Denmark,Annual,Fatalities,Per 1 000 000 000 vehicle-kilometres,Road,2002,9.66
DNK,Denmark,Annual,Fatalities,Per 1 000 000 000 vehicle-kilometres,Road,2001,9.19
DNK,Denmark,Annual,Fatalities,Per 1 000 000 000 vehicle-kilometres,Road,2009,6.61
DNK,Denmark,Annual,Fatalities,Per 1 000 000 000 vehicle-kilometres,Road,2008,8.22
DNK,Denmark,Annual,Fatalities,Per 1 000 000 000 vehicle-kilometres,Road,2007,8.27
DNK,Denmark,Annual,Fatalities,Per 1 000 000 000 vehicle-kilometres,Road,2018,3.13
DNK,Denmark,Annual,Fatalities,Per 1 000 000 000 vehicle-kilometres,Road,2015,3.41
DNK,Denmark,Annual,Fatalities,Per 1 000 000 000 vehicle-kilometres,Road,2006,6.42
DNK,Denmark,Annual,Fatalities,Per 1 000 000 000 vehicle-kilometres,Road,2000,10.65
DNK,Denmark,Annual,Fatalities,Per 1 000 000 000 vehicle-kilometres,Road,2021,2.44
DNK,Denmark,Annual,Fatalities,Per 1 000 000 000 vehicle-kilometres,Road,2020,3.16
DNK,Denmark,Annual,Fatalities,Per 1 000 000 000 vehicle-kilometres,Road,2019,3.61
DNK,Denmark,Annual,Fatalities,Per 1 000 000 000 vehicle-kilometres,Road,2017,3.24
DNK,Denmark,Annual,Fatalities,Per 1 000 000 000 vehicle-kilometres,Road,2016,3.96
DNK,Denmark,Annual,Fatalities,Per 1 000 000 000 vehicle-kilometres,Road,1999,11.08
DNK,Denmark,Annual,Fatalities,Per 1 000 000 000 vehicle-kilometres,Road,1998,11.14
DNK,Denmark,Annual,Fatalities,Per 1 000 000 000 vehicle-kilometres,Road,1997,11.21
DNK,Denmark,Annual,Fatalities,Per 1 000 000 000 vehicle-kilometres,Road,2014,3.59
DNK,Denmark,Annual,Fatalities,Per 1 000 000 000 vehicle-kilometres,Road,2013,3.86
DNK,Denmark,Annual,Fatalities,Per 1 000 000 000 vehicle-kilometres,Road,2012,3.40
DNK,Denmark,Annual,Fatalities,Per 1 000 000 000 vehicle-kilometres,Road,2011,4.76
DNK,Denmark,Annual,Fatalities,Per 1 000 000 000 vehicle-kilometres,Road,2010,5.65
DNK,Denmark,Annual,Fatalities,Per 1 000 000 000 vehicle-kilometres,Road,1996,12.15
DNK,Denmark,Annual,Fatalities,Per 1 000 000 000 vehicle-kilometres,Road,1995,14.16
DNK,Denmark,Annual,Fatalities,Per 1 000 000 000 vehicle-kilometres,Road,1994,13.65
DNK,Denmark,Annual,Fatalities,Per 1 000 000 000 vehicle-kilometres,Road,2005,7.10
DEU,Germany,Annual,Fatalities,Per 1 000 000 000 vehicle-kilometres,Road,2013,4.60
DEU,Germany,Annual,Fatalities,Per 1 000 000 000 vehicle-kilometres,Road,2012,5.00
DEU,Germany,Annual,Fatalities,Per 1 000 000 000 vehicle-kilometres,Road,2018,4.36
DEU,Germany,Annual,Fatalities,Per 1 000 000 000 vehicle-kilometres,Road,2016,4.17
DEU,Germany,Annual,Fatalities,Per 1 000 000 000 vehicle-kilometres,Road,2000,11.31
DEU,Germany,Annual,Fatalities,Per 1 000 000 000 vehicle-kilometres,Road,1999,11.62
DEU,Germany,Annual,Fatalities,Per 1 000 000 000 vehicle-kilometres,Road,1998,12.02
DEU,Germany,Annual,Fatalities,Per 1 000 000 000 vehicle-kilometres,Road,2017,4.24
DEU,Germany,Annual,Fatalities,Per 1 000 000 000 vehicle-kilometres,Road,2011,5.59
DEU,Germany,Annual,Fatalities,Per 1 000 000 000 vehicle-kilometres,Road,2010,5.18
DEU,Germany,Annual,Fatalities,Per 1 000 000 000 vehicle-kilometres,Road,2009,5.94
DEU,Germany,Annual,Fatalities,Per 1 000 000 000 vehicle-kilometres,Road,2008,6.49
DEU,Germany,Annual,Fatalities,Per 1 000 000 000 vehicle-kilometres,Road,2007,7.15
DEU,Germany,Annual,Fatalities,Per 1 000 000 000 vehicle-kilometres,Road,2006,7.41
DEU,Germany,Annual,Fatalities,Per 1 000 000 000 vehicle-kilometres,Road,2005,7.83
DEU,Germany,Annual,Fatalities,Per 1 000 000 000 vehicle-kilometres,Road,2004,8.39
DEU,Germany,Annual,Fatalities,Per 1 000 000 000 vehicle-kilometres,Road,2003,9.69
DEU,Germany,Annual,Fatalities,Per 1 000 000 000 vehicle-kilometres,Road,2002,9.95
DEU,Germany,Annual,Fatalities,Per 1 000 000 000 vehicle-kilometres,Road,2001,10.22
DEU,Germany,Annual,Fatalities,Per 1 000 000 000 vehicle-kilometres,Road,2021,3.73
DEU,Germany,Annual,Fatalities,Per 1 000 000 000 vehicle-kilometres,Road,2020,3.98
DEU,Germany,Annual,Fatalities,Per 1 000 000 000 vehicle-kilometres,Road,2019,4.03
DEU,Germany,Annual,Fatalities,Per 1 000 000 000 vehicle-kilometres,Road,1997,13.43
DEU,Germany,Annual,Fatalities,Per 1 000 000 000 vehicle-kilometres,Road,1996,13.88
DEU,Germany,Annual,Fatalities,Per 1 000 000 000 vehicle-kilometres,Road,1995,15.14
DEU,Germany,Annual,Fatalities,Per 1 000 000 000 vehicle-kilometres,Road,1994,15.99
DEU,Germany,Annual,Fatalities,Per 1 000 000 000 vehicle-kilometres,Road,2015,4.60
SVN,Slovenia,Annual,Fatalities,Per 1 000 000 000 vehicle-kilometres,Road,2007,17.18
SVN,Slovenia,Annual,Fatalities,Per 1 000 000 000 vehicle-kilometres,Road,2006,16.40
SVN,Slovenia,Annual,Fatalities,Per 1 000 000 000 vehicle-kilometres,Road,2005,16.62
SVN,Slovenia,Annual,Fatalities,Per 1 000 000 000 vehicle-kilometres,Road,2020,4.27
SVN,Slovenia,Annual,Fatalities,Per 1 000 000 000 vehicle-kilometres,Road,1996,33.63
SVN,Slovenia,Annual,Fatalities,Per 1 000 000 000 vehicle-kilometres,Road,1995,38.96
SVN,Slovenia,Annual,Fatalities,Per 1 000 000 000 vehicle-kilometres,Road,1994,50.91
SVN,Slovenia,Annual,Fatalities,Per 1 000 000 000 vehicle-kilometres,Road,2019,4.62
SVN,Slovenia,Annual,Fatalities,Per 1 000 000 000 vehicle-kilometres,Road,2018,4.21
SVN,Slovenia,Annual,Fatalities,Per 1 000 000 000 vehicle-kilometres,Road,2017,4.97
SVN,Slovenia,Annual,Fatalities,Per 1 000 000 000 vehicle-kilometres,Road,2015,5.92
SVN,Slovenia,Annual,Fatalities,Per 1 000 000 000 vehicle-kilometres,Road,2014,8.36
ISR,Israel,Annual,Fatalities,Per 1 000 000 000 vehicle-kilometres,Road,2005,11.14
ISR,Israel,Annual,Fatalities,Per 1 000 000 000 vehicle-kilometres,Road,2004,12.67
ISR,Israel,Annual,Fatalities,Per 1 000 000 000 vehicle-kilometres,Road,1994,24.86
ISR,Israel,Annual,Fatalities,Per 1 000 000 000 vehicle-kilometres,Road,2014,6.09
ISR,Israel,Annual,Fatalities,Per 1 000 000 000 vehicle-kilometres,Road,2012,5.79
ISR,Israel,Annual,Fatalities,Per 1 000 000 000 vehicle-kilometres,Road,2011,7.54
ISR,Israel,Annual,Fatalities,Per 1 000 000 000 vehicle-kilometres,Road,2010,7.52
ISR,Israel,Annual,Fatalities,Per 1 000 000 000 vehicle-kilometres,Road,2013,6.03
ISR,Israel,Annual,Fatalities,Per 1 000 000 000 vehicle-kilometres,Road,2003,12.33
ISR,Israel,Annual,Fatalities,Per 1 000 000 000 vehicle-kilometres,Road,2002,14.44
ISR,Israel,Annual,Fatalities,Per 1 000 000 000 vehicle-kilometres,Road,2001,15.00
ISR,Israel,Annual,Fatalities,Per 1 000 000 000 vehicle-kilometres,Road,2000,14.14
ISR,Israel,Annual,Fatalities,Per 1 000 000 000 vehicle-kilometres,Road,2020,5.53
ISR,Israel,Annual,Fatalities,Per 1 000 000 000 vehicle-kilometres,Road,2019,5.62
ISR,Israel,Annual,Fatalities,Per 1 000 000 000 vehicle-kilometres,Road,2018,5.16
ISR,Israel,Annual,Fatalities,Per 1 000 000 000 vehicle-kilometres,Road,2017,6.11
ISR,Israel,Annual,Fatalities,Per 1 000 000 000 vehicle-kilometres,Road,2016,6.59
ISR,Israel,Annual,Fatalities,Per 1 000 000 000 vehicle-kilometres,Road,2015,6.49
GBR,United Kingdom,Annual,Fatalities,Per 1 000 000 000 vehicle-kilometres,Road,2006,6.50
GBR,United Kingdom,Annual,Fatalities,Per 1 000 000 000 vehicle-kilometres,Road,2005,6.68
GBR,United Kingdom,Annual,Fatalities,Per 1 000 000 000 vehicle-kilometres,Road,2004,6.75
GBR,United Kingdom,Annual,Fatalities,Per 1 000 000 000 vehicle-kilometres,Road,2003,7.46
GBR,United Kingdom,Annual,Fatalities,Per 1 000 000 000 vehicle-kilometres,Road,2002,7.36
GBR,United Kingdom,Annual,Fatalities,Per 1 000 000 000 vehicle-kilometres,Road,2001,7.58
GBR,United Kingdom,Annual,Fatalities,Per 1 000 000 000 vehicle-kilometres,Road,2021,3.36
GBR,United Kingdom,Annual,Fatalities,Per 1 000 000 000 vehicle-kilometres,Road,2020,3.54
GBR,United Kingdom,Annual,Fatalities,Per 1 000 000 000 vehicle-kilometres,Road,2019,3.32
GBR,United Kingdom,Annual,Fatalities,Per 1 000 000 000 vehicle-kilometres,Road,1997,8.31
GBR,United Kingdom,Annual,Fatalities,Per 1 000 000 000 vehicle-kilometres,Road,1996,8.48
GBR,United Kingdom,Annual,Fatalities,Per 1 000 000 000 vehicle-kilometres,Road,1995,8.76
GBR,United Kingdom,Annual,Fatalities,Per 1 000 000 000 vehicle-kilometres,Road,1994,9.01
GBR,United Kingdom,Annual,Fatalities,Per 1 000 000 000 vehicle-kilometres,Road,2015,3.54
NLD,Netherlands,Annual,Fatalities,Per 1 000 000 000 vehicle-kilometres,Road,2019,4.70
NLD,Netherlands,Annual,Fatalities,Per 1 000 000 000 vehicle-kilometres,Road,2018,4.83
NLD,Netherlands,Annual,Fatalities,Per 1 000 000 000 vehicle-kilometres,Road,2017,4.38
NLD,Netherlands,Annual,Fatalities,Per 1 000 000 000 vehicle-kilometres,Road,2016,4.56
NLD,Netherlands,Annual,Fatalities,Per 1 000 000 000 vehicle-kilometres,Road,2015,4.63
NLD,Netherlands,Annual,Fatalities,Per 1 000 000 000 vehicle-kilometres,Road,2014,4.31
NLD,Netherlands,Annual,Fatalities,Per 1 000 000 000 vehicle-kilometres,Road,2013,4.33
NLD,Netherlands,Annual,Fatalities,Per 1 000 000 000 vehicle-kilometres,Road,1996,11.30
NLD,Netherlands,Annual,Fatalities,Per 1 000 000 000 vehicle-kilometres,Road,2012,4.44
NLD,Netherlands,Annual,Fatalities,Per 1 000 000 000 vehicle-kilometres,Road,2011,4.47
NLD,Netherlands,Annual,Fatalities,Per 1 000 000 000 vehicle-kilometres,Road,2010,4.39
NLD,Netherlands,Annual,Fatalities,Per 1 000 000 000 vehicle-kilometres,Road,1999,10.22
NLD,Netherlands,Annual,Fatalities,Per 1 000 000 000 vehicle-kilometres,Road,1998,9.99
NLD,Netherlands,Annual,Fatalities,Per 1 000 000 000 vehicle-kilometres,Road,1997,10.84
NLD,Netherlands,Annual,Fatalities,Per 1 000 000 000 vehicle-kilometres,Road,1995,12.11
NLD,Netherlands,Annual,Fatalities,Per 1 000 000 000 vehicle-kilometres,Road,1994,11.94
NLD,Netherlands,Annual,Fatalities,Per 1 000 000 000 vehicle-kilometres,Road,2021,4.73
MNE,Montenegro,Annual,Fatalities,Per 1 000 000 000 vehicle-kilometres,Road,2017,24.97
EST,Estonia,Annual,Fatalities,Per 1 000 000 000 vehicle-kilometres,Road,2013,8.89
EST,Estonia,Annual,Fatalities,Per 1 000 000 000 vehicle-kilometres,Road,2012,9.80
EST,Estonia,Annual,Fatalities,Per 1 000 000 000 vehicle-kilometres,Road,2018,5.98
EST,Estonia,Annual,Fatalities,Per 1 000 000 000 vehicle-kilometres,Road,2017,4.44
EST,Estonia,Annual,Fatalities,Per 1 000 000 000 vehicle-kilometres,Road,2016,6.84
EST,Estonia,Annual,Fatalities,Per 1 000 000 000 vehicle-kilometres,Road,2000,31.67
EST,Estonia,Annual,Fatalities,Per 1 000 000 000 vehicle-kilometres,Road,1999,36.38
EST,Estonia,Annual,Fatalities,Per 1 000 000 000 vehicle-kilometres,Road,1998,45.21
EST,Estonia,Annual,Fatalities,Per 1 000 000 000 vehicle-kilometres,Road,2011,11.93
EST,Estonia,Annual,Fatalities,Per 1 000 000 000 vehicle-kilometres,Road,2010,9.46
EST,Estonia,Annual,Fatalities,Per 1 000 000 000 vehicle-kilometres,Road,2009,11.63
EST,Estonia,Annual,Fatalities,Per 1 000 000 000 vehicle-kilometres,Road,2008,14.10
EST,Estonia,Annual,Fatalities,Per 1 000 000 000 vehicle-kilometres,Road,2007,20.27
EST,Estonia,Annual,Fatalities,Per 1 000 000 000 vehicle-kilometres,Road,2006,23.41
EST,Estonia,Annual,Fatalities,Per 1 000 000 000 vehicle-kilometres,Road,2005,21.09
EST,Estonia,Annual,Fatalities,Per 1 000 000 000 vehicle-kilometres,Road,2004,21.53
EST,Estonia,Annual,Fatalities,Per 1 000 000 000 vehicle-kilometres,Road,2003,22.11
EST,Estonia,Annual,Fatalities,Per 1 000 000 000 vehicle-kilometres,Road,2002,32.59
EST,Estonia,Annual,Fatalities,Per 1 000 000 000 vehicle-kilometres,Road,2001,30.44
EST,Estonia,Annual,Fatalities,Per 1 000 000 000 vehicle-kilometres,Road,2021,4.75
EST,Estonia,Annual,Fatalities,Per 1 000 000 000 vehicle-kilometres,Road,2020,5.33
EST,Estonia,Annual,Fatalities,Per 1 000 000 000 vehicle-kilometres,Road,2019,4.46
EST,Estonia,Annual,Fatalities,Per 1 000 000 000 vehicle-kilometres,Road,1995,63.17
EST,Estonia,Annual,Fatalities,Per 1 000 000 000 vehicle-kilometres,Road,2015,6.72
HUN,Hungary,Annual,Fatalities,Per 1 000 000 000 vehicle-kilometres,Road,2014,16.80
HUN,Hungary,Annual,Fatalities,Per 1 000 000 000 vehicle-kilometres,Road,2013,16.51
HUN,Hungary,Annual,Fatalities,Per 1 000 000 000 vehicle-kilometres,Road,2019,12.76
HUN,Hungary,Annual,Fatalities,Per 1 000 000 000 vehicle-kilometres,Road,2018,13.96
HUN,Hungary,Annual,Fatalities,Per 1 000 000 000 vehicle-kilometres,Road,2017,14.32
HUN,Hungary,Annual,Fatalities,Per 1 000 000 000 vehicle-kilometres,Road,2001,37.55
HUN,Hungary,Annual,Fatalities,Per 1 000 000 000 vehicle-kilometres,Road,2000,36.39
HUN,Hungary,Annual,Fatalities,Per 1 000 000 000 vehicle-kilometres,Road,2016,14.73
HUN,Hungary,Annual,Fatalities,Per 1 000 000 000 vehicle-kilometres,Road,2012,16.96
HUN,Hungary,Annual,Fatalities,Per 1 000 000 000 vehicle-kilometres,Road,2011,17.11
HUN,Hungary,Annual,Fatalities,Per 1 000 000 000 vehicle-kilometres,Road,2010,19.30
HUN,Hungary,Annual,Fatalities,Per 1 000 000 000 vehicle-kilometres,Road,2009,19.36
HUN,Hungary,Annual,Fatalities,Per 1 000 000 000 vehicle-kilometres,Road,2008,23.03
HUN,Hungary,Annual,Fatalities,Per 1 000 000 000 vehicle-kilometres,Road,2007,29.74
HUN,Hungary,Annual,Fatalities,Per 1 000 000 000 vehicle-kilometres,Road,2006,32.93
HUN,Hungary,Annual,Fatalities,Per 1 000 000 000 vehicle-kilometres,Road,2005,34.24
HUN,Hungary,Annual,Fatalities,Per 1 000 000 000 vehicle-kilometres,Road,2004,35.44
HUN,Hungary,Annual,Fatalities,Per 1 000 000 000 vehicle-kilometres,Road,2003,37.95
HUN,Hungary,Annual,Fatalities,Per 1 000 000 000 vehicle-kilometres,Road,2002,42.95
HUN,Hungary,Annual,Fatalities,Per 1 000 000 000 vehicle-kilometres,Road,1999,39.75
HUN,Hungary,Annual,Fatalities,Per 1 000 000 000 vehicle-kilometres,Road,2021,11.67
HUN,Hungary,Annual,Fatalities,Per 1 000 000 000 vehicle-kilometres,Road,2020,10.99
HRV,Croatia,Annual,Fatalities,Per 1 000 000 000 vehicle-kilometres,Road,2012,19.34
HRV,Croatia,Annual,Fatalities,Per 1 000 000 000 vehicle-kilometres,Road,2011,20.28
HRV,Croatia,Annual,Fatalities,Per 1 000 000 000 vehicle-kilometres,Road,2017,14.55
HRV,Croatia,Annual,Fatalities,Per 1 000 000 000 vehicle-kilometres,Road,2016,14.01
HRV,Croatia,Annual,Fatalities,Per 1 000 000 000 vehicle-kilometres,Road,2000,47.30
HRV,Croatia,Annual,Fatalities,Per 1 000 000 000 vehicle-kilometres,Road,1999,46.32
HRV,Croatia,Annual,Fatalities,Per 1 000 000 000 vehicle-kilometres,Road,1998,48.94
HRV,Croatia,Annual,Fatalities,Per 1 000 000 000 vehicle-kilometres,Road,1997,60.57
HRV,Croatia,Annual,Fatalities,Per 1 000 000 000 vehicle-kilometres,Road,2010,20.31
HRV,Croatia,Annual,Fatalities,Per 1 000 000 000 vehicle-kilometres,Road,2009,25.72
HRV,Croatia,Annual,Fatalities,Per 1 000 000 000 vehicle-kilometres,Road,2008,30.37
HRV,Croatia,Annual,Fatalities,Per 1 000 000 000 vehicle-kilometres,Road,2007,28.65
HRV,Croatia,Annual,Fatalities,Per 1 000 000 000 vehicle-kilometres,Road,2006,29.92
HRV,Croatia,Annual,Fatalities,Per 1 000 000 000 vehicle-kilometres,Road,2005,29.91
HRV,Croatia,Annual,Fatalities,Per 1 000 000 000 vehicle-kilometres,Road,2004,31.31
HRV,Croatia,Annual,Fatalities,Per 1 000 000 000 vehicle-kilometres,Road,2003,38.48
HRV,Croatia,Annual,Fatalities,Per 1 000 000 000 vehicle-kilometres,Road,2002,37.50
HRV,Croatia,Annual,Fatalities,Per 1 000 000 000 vehicle-kilometres,Road,2001,42.39
HRV,Croatia,Annual,Fatalities,Per 1 000 000 000 vehicle-kilometres,Road,2021,12.45
HRV,Croatia,Annual,Fatalities,Per 1 000 000 000 vehicle-kilometres,Road,2020,11.94
JPN,Japan,Annual,Fatalities,Per 1 000 000 000 vehicle-kilometres,Road,2010,6.91
JPN,Japan,Annual,Fatalities,Per 1 000 000 000 vehicle-kilometres,Road,2009,6.50
JPN,Japan,Annual,Fatalities,Per 1 000 000 000 vehicle-kilometres,Road,2008,6.67
JPN,Japan,Annual,Fatalities,Per 1 000 000 000 vehicle-kilometres,Road,2007,7.26
JPN,Japan,Annual,Fatalities,Per 1 000 000 000 vehicle-kilometres,Road,2006,7.88
JPN,Japan,Annual,Fatalities,Per 1 000 000 000 vehicle-kilometres,Road,2005,8.55
JPN,Japan,Annual,Fatalities,Per 1 000 000 000 vehicle-kilometres,Road,2004,8.93
JPN,Japan,Annual,Fatalities,Per 1 000 000 000 vehicle-kilometres,Road,2003,9.19
JPN,Japan,Annual,Fatalities,Per 1 000 000 000 vehicle-kilometres,Road,2002,9.95
JPN,Japan,Annual,Fatalities,Per 1 000 000 000 vehicle-kilometres,Road,2001,10.32
JPN,Japan,Annual,Fatalities,Per 1 000 000 000 vehicle-kilometres,Road,2021,4.88
JPN,Japan,Annual,Fatalities,Per 1 000 000 000 vehicle-kilometres,Road,2020,4.99
JPN,Japan,Annual,Fatalities,Per 1 000 000 000 vehicle-kilometres,Road,2019,5.22
JPN,Japan,Annual,Fatalities,Per 1 000 000 000 vehicle-kilometres,Road,1997,11.97
JPN,Japan,Annual,Fatalities,Per 1 000 000 000 vehicle-kilometres,Road,1996,12.45
JPN,Japan,Annual,Fatalities,Per 1 000 000 000 vehicle-kilometres,Road,1995,13.94
MDA,Moldova,Annual,Fatalities,Per 1 000 000 000 vehicle-kilometres,Road,2000,641.39
MDA,Moldova,Annual,Fatalities,Per 1 000 000 000 vehicle-kilometres,Road,1999,626.58
MDA,Moldova,Annual,Fatalities,Per 1 000 000 000 vehicle-kilometres,Road,1995,514.66
MDA,Moldova,Annual,Fatalities,Per 1 000 000 000 vehicle-kilometres,Road,1994,467.13
MDA,Moldova,Annual,Fatalities,Per 1 000 000 000 vehicle-kilometres,Road,2021,153.07
MDA,Moldova,Annual,Fatalities,Per 1 000 000 000 vehicle-kilometres,Road,2020,151.99
MDA,Moldova,Annual,Fatalities,Per 1 000 000 000 vehicle-kilometres,Road,2019,156.96
MDA,Moldova,Annual,Fatalities,Per 1 000 000 000 vehicle-kilometres,Road,2018,155.33
MDA,Moldova,Annual,Fatalities,Per 1 000 000 000 vehicle-kilometres,Road,2007,391.89
MDA,Moldova,Annual,Fatalities,Per 1 000 000 000 vehicle-kilometres,Road,2006,361.06
MDA,Moldova,Annual,Fatalities,Per 1 000 000 000 vehicle-kilometres,Road,2013,192.46
MDA,Moldova,Annual,Fatalities,Per 1 000 000 000 vehicle-kilometres,Road,2012,291.67
MDA,Moldova,Annual,Fatalities,Per 1 000 000 000 vehicle-kilometres,Road,2011,325.02
MDA,Moldova,Annual,Fatalities,Per 1 000 000 000 vehicle-kilometres,Road,2010,320.34
MDA,Moldova,Annual,Fatalities,Per 1 000 000 000 vehicle-kilometres,Road,2009,396.58
MDA,Moldova,Annual,Fatalities,Per 1 000 000 000 vehicle-kilometres,Road,2008,399.84
MDA,Moldova,Annual,Fatalities,Per 1 000 000 000 vehicle-kilometres,Road,2003,500.00
MDA,Moldova,Annual,Fatalities,Per 1 000 000 000 vehicle-kilometres,Road,2005,374.16
MDA,Moldova,Annual,Fatalities,Per 1 000 000 000 vehicle-kilometres,Road,2004,411.59
MDA,Moldova,Annual,Fatalities,Per 1 000 000 000 vehicle-kilometres,Road,1998,618.09
MDA,Moldova,Annual,Fatalities,Per 1 000 000 000 vehicle-kilometres,Road,1997,620.03
MDA,Moldova,Annual,Fatalities,Per 1 000 000 000 vehicle-kilometres,Road,1996,550.91
JPN,Japan,Annual,Fatalities,Per 1 000 000 000 vehicle-kilometres,Road,1994,14.13
HRV,Croatia,Annual,Fatalities,Per 1 000 000 000 vehicle-kilometres,Road,1995,94.43
HRV,Croatia,Annual,Fatalities,Per 1 000 000 000 vehicle-kilometres,Road,1994,105.86
HRV,Croatia,Annual,Fatalities,Per 1 000 000 000 vehicle-kilometres,Road,2015,16.42
HRV,Croatia,Annual,Fatalities,Per 1 000 000 000 vehicle-kilometres,Road,2014,15.07
CHE,Switzerland,Annual,Fatalities,Per 1 000 000 000 vehicle-kilometres,Road,1999,10.77
CHE,Switzerland,Annual,Fatalities,Per 1 000 000 000 vehicle-kilometres,Road,2019,2.70
CHE,Switzerland,Annual,Fatalities,Per 1 000 000 000 vehicle-kilometres,Road,2011,5.35
CHE,Switzerland,Annual,Fatalities,Per 1 000 000 000 vehicle-kilometres,Road,2010,5.55
CHE,Switzerland,Annual,Fatalities,Per 1 000 000 000 vehicle-kilometres,Road,2009,5.98
CHE,Switzerland,Annual,Fatalities,Per 1 000 000 000 vehicle-kilometres,Road,2008,6.21
CHE,Switzerland,Annual,Fatalities,Per 1 000 000 000 vehicle-kilometres,Road,1998,11.31
CHE,Switzerland,Annual,Fatalities,Per 1 000 000 000 vehicle-kilometres,Road,1997,11.35
CHE,Switzerland,Annual,Fatalities,Per 1 000 000 000 vehicle-kilometres,Road,2018,3.39
CHE,Switzerland,Annual,Fatalities,Per 1 000 000 000 vehicle-kilometres,Road,2017,3.39
CHE,Switzerland,Annual,Fatalities,Per 1 000 000 000 vehicle-kilometres,Road,2006,6.27
CHE,Switzerland,Annual,Fatalities,Per 1 000 000 000 vehicle-kilometres,Road,2005,6.99
CHE,Switzerland,Annual,Fatalities,Per 1 000 000 000 vehicle-kilometres,Road,2004,8.80
CHE,Switzerland,Annual,Fatalities,Per 1 000 000 000 vehicle-kilometres,Road,2003,9.52
CHE,Switzerland,Annual,Fatalities,Per 1 000 000 000 vehicle-kilometres,Road,2002,9.04
CHE,Switzerland,Annual,Fatalities,Per 1 000 000 000 vehicle-kilometres,Road,2021,3.00
CHE,Switzerland,Annual,Fatalities,Per 1 000 000 000 vehicle-kilometres,Road,2020,3.60
CHE,Switzerland,Annual,Fatalities,Per 1 000 000 000 vehicle-kilometres,Road,2016,3.24
CHE,Switzerland,Annual,Fatalities,Per 1 000 000 000 vehicle-kilometres,Road,2015,3.87
CHE,Switzerland,Annual,Fatalities,Per 1 000 000 000 vehicle-kilometres,Road,2014,3.78
CHE,Switzerland,Annual,Fatalities,Per 1 000 000 000 vehicle-kilometres,Road,2013,4.26
CHE,Switzerland,Annual,Fatalities,Per 1 000 000 000 vehicle-kilometres,Road,2012,5.56
CHE,Switzerland,Annual,Fatalities,Per 1 000 000 000 vehicle-kilometres,Road,1996,12.08
CHE,Switzerland,Annual,Fatalities,Per 1 000 000 000 vehicle-kilometres,Road,1995,13.62
CHE,Switzerland,Annual,Fatalities,Per 1 000 000 000 vehicle-kilometres,Road,1994,13.56
CHE,Switzerland,Annual,Fatalities,Per 1 000 000 000 vehicle-kilometres,Road,2007,6.45
CHE,Switzerland,Annual,Fatalities,Per 1 000 000 000 vehicle-kilometres,Road,2001,9.69
SWE,Sweden,Annual,Fatalities,Per 1 000 000 000 vehicle-kilometres,Road,2013,3.34
ARM,Armenia,Annual,Fatalities,Per 1 000 000 000 vehicle-kilometres,Road,2016,524.56
LVA,Latvia,Annual,Fatalities,Per 1 000 000 000 vehicle-kilometres,Road,2020,10.09
TUR,Türkiye,Annual,Fatalities,Per 1 000 000 000 vehicle-kilometres,Road,2019,18.15
MLT,Malta,Annual,Fatalities,Per 1 000 000 000 vehicle-kilometres,Road,2020,5.74
NOR,Norway,Annual,Fatalities,Per 1 000 000 000 vehicle-kilometres,Road,2014,3.36
UKR,Ukraine,Annual,Fatalities,Per 1 000 000 000 vehicle-kilometres,Road,2010,320.66
BEL,Belgium,Annual,Fatalities,Per 1 000 000 000 vehicle-kilometres,Road,2009,9.73
ROU,Romania,Annual,Fatalities,Per 1 000 000 000 vehicle-kilometres,Road,2019,31.81
CZE,Czechia,Annual,Fatalities,Per 1 000 000 000 vehicle-kilometres,Road,2014,14.23
IRL,Ireland,Annual,Fatalities,Per 1 000 000 000 vehicle-kilometres,Road,2014,4.38
MKD,North Macedonia,Annual,Fatalities,Per 1 000 000 000 vehicle-kilometres,Road,2021,22.11
AZE,Azerbaijan,Annual,Fatalities,Per 1 000 000 000 vehicle-kilometres,Road,2012,64.48
GEO,Georgia,Annual,Fatalities,Per 1 000 000 000 vehicle-kilometres,Road,2002,1584.62
BIH,Bosnia and Herzegovina,Annual,Fatalities,Per 1 000 000 000 vehicle-kilometres,Road,1995,5.47
USA,United States,Annual,Fatalities,Per 1 000 000 000 vehicle-kilometres,Road,2009,7.07
FIN,Finland,Annual,Fatalities,Per 1 000 000 000 vehicle-kilometres,Road,2014,4.19
FRA,France,Annual,Fatalities,Per 1 000 000 000 vehicle-kilometres,Road,1998,17.89
AUS,Australia,Annual,Fatalities,Per 1 000 000 000 vehicle-kilometres,Road,2018,4.40
MEX,Mexico,Annual,Fatalities,Per 1 000 000 000 vehicle-kilometres,Road,2017,5.04
NZL,New Zealand,Annual,Fatalities,Per 1 000 000 000 vehicle-kilometres,Road,2019,7.31
LTU,Lithuania,Annual,Fatalities,Per 1 000 000 000 vehicle-kilometres,Road,2021,11.69
SVN,Slovenia,Annual,Fatalities,Per 1 000 000 000 vehicle-kilometres,Road,2000,23.45
ISR,Israel,Annual,Fatalities,Per 1 000 000 000 vehicle-kilometres,Road,2006,10.15
ISL,Iceland,Annual,Fatalities,Per 1 000 000 000 vehicle-kilometres,Road,2001,10.00
CAN,Canada,Annual,Fatalities,Per 1 000 000 000 vehicle-kilometres,Road,2021,4.43
PRT,Portugal,Annual,Fatalities,Per 1 000 000 000 vehicle-kilometres,Road,2017,13.61
CHL,Chile,Annual,Fatalities,Per 1 000 000 000 vehicle-kilometres,Road,2020,47.36
BGR,Bulgaria,Annual,Fatalities,Per 1 000 000 000 vehicle-kilometres,Road,2010,68.66
AUT,Austria,Annual,Fatalities,Per 1 000 000 000 vehicle-kilometres,Road,2018,4.86
POL,Poland,Annual,Fatalities,Per 1 000 000 000 vehicle-kilometres,Road,2019,11.65
MDA,Moldova,Annual,Fatalities,Per 1 000 000 000 vehicle-kilometres,Road,2001,657.28
ESP,Spain,Annual,Fatalities,Per 1 000 000 000 vehicle-kilometres,Road,2013,7.62
KOR,Korea,Annual,Fatalities,Per 1 000 000 000 vehicle-kilometres,Road,2019,10.16
DNK,Denmark,Annual,Fatalities,Per 1 000 000 000 vehicle-kilometres,Road,2004,7.70
DEU,Germany,Annual,Fatalities,Per 1 000 000 000 vehicle-kilometres,Road,2014,4.56
GRC,Greece,Annual,Fatalities,Per 1 000 000 000 vehicle-kilometres,Road,1999,26.02
LUX,Luxembourg,Annual,Fatalities,Per 1 000 000 000 vehicle-kilometres,Road,2014,62.84
GBR,United Kingdom,Annual,Fatalities,Per 1 000 000 000 vehicle-kilometres,Road,2014,3.70
NLD,Netherlands,Annual,Fatalities,Per 1 000 000 000 vehicle-kilometres,Road,2020,4.97
MNE,Montenegro,Annual,Fatalities,Per 1 000 000 000 vehicle-kilometres,Road,2016,27.16
EST,Estonia,Annual,Fatalities,Per 1 000 000 000 vehicle-kilometres,Road,2014,8.23
HUN,Hungary,Annual,Fatalities,Per 1 000 000 000 vehicle-kilometres,Road,2015,16.43
HRV,Croatia,Annual,Fatalities,Per 1 000 000 000 vehicle-kilometres,Road,2013,18.20
CHE,Switzerland,Annual,Fatalities,Per 1 000 000 000 vehicle-kilometres,Road,2000,10.63
GRC,Greece,Annual,Fatalities,Per 1 000 000 000 vehicle-kilometres,Road,1998,27.55
GRC,Greece,Annual,Fatalities,Per 1 000 000 000 vehicle-kilometres,Road,1997,27.32
GRC,Greece,Annual,Fatalities,Per 1 000 000 000 vehicle-kilometres,Road,1996,29.58
GRC,Greece,Annual,Fatalities,Per 1 000 000 000 vehicle-kilometres,Road,1995,29.41
GRC,Greece,Annual,Fatalities,Per 1 000 000 000 vehicle-kilometres,Road,1994,28.89
LUX,Luxembourg,Annual,Fatalities,Per 1 000 000 000 vehicle-kilometres,Road,2013,80.94
LUX,Luxembourg,Annual,Fatalities,Per 1 000 000 000 vehicle-kilometres,Road,2012,63.31
LUX,Luxembourg,Annual,Fatalities,Per 1 000 000 000 vehicle-kilometres,Road,2018,56.78
LUX,Luxembourg,Annual,Fatalities,Per 1 000 000 000 vehicle-kilometres,Road,2017,59.32
LUX,Luxembourg,Annual,Fatalities,Per 1 000 000 000 vehicle-kilometres,Road,2016,54.24
LUX,Luxembourg,Annual,Fatalities,Per 1 000 000 000 vehicle-kilometres,Road,2000,170.02
LUX,Luxembourg,Annual,Fatalities,Per 1 000 000 000 vehicle-kilometres,Road,1999,153.85
LUX,Luxembourg,Annual,Fatalities,Per 1 000 000 000 vehicle-kilometres,Road,1998,192.57
LUX,Luxembourg,Annual,Fatalities,Per 1 000 000 000 vehicle-kilometres,Road,2011,50.15
LUX,Luxembourg,Annual,Fatalities,Per 1 000 000 000 vehicle-kilometres,Road,2010,47.69
LUX,Luxembourg,Annual,Fatalities,Per 1 000 000 000 vehicle-kilometres,Road,2009,76.43
LUX,Luxembourg,Annual,Fatalities,Per 1 000 000 000 vehicle-kilometres,Road,2008,47.62
LUX,Luxembourg,Annual,Fatalities,Per 1 000 000 000 vehicle-kilometres,Road,2007,62.76
LUX,Luxembourg,Annual,Fatalities,Per 1 000 000 000 vehicle-kilometres,Road,2006,63.33
LUX,Luxembourg,Annual,Fatalities,Per 1 000 000 000 vehicle-kilometres,Road,2005,71.54
LUX,Luxembourg,Annual,Fatalities,Per 1 000 000 000 vehicle-kilometres,Road,2004,79.24
LUX,Luxembourg,Annual,Fatalities,Per 1 000 000 000 vehicle-kilometres,Road,2003,93.15
LUX,Luxembourg,Annual,Fatalities,Per 1 000 000 000 vehicle-kilometres,Road,2002,108.77
LUX,Luxembourg,Annual,Fatalities,Per 1 000 000 000 vehicle-kilometres,Road,2001,132.33
LUX,Luxembourg,Annual,Fatalities,Per 1 000 000 000 vehicle-kilometres,Road,2021,39.34
LUX,Luxembourg,Annual,Fatalities,Per 1 000 000 000 vehicle-kilometres,Road,2020,49.43
LUX,Luxembourg,Annual,Fatalities,Per 1 000 000 000 vehicle-kilometres,Road,2019,36.24
LUX,Luxembourg,Annual,Fatalities,Per 1 000 000 000 vehicle-kilometres,Road,1997,272.58
LUX,Luxembourg,Annual,Fatalities,Per 1 000 000 000 vehicle-kilometres,Road,1996,331.78
LUX,Luxembourg,Annual,Fatalities,Per 1 000 000 000 vehicle-kilometres,Road,1995,269.23
LUX,Luxembourg,Annual,Fatalities,Per 1 000 000 000 vehicle-kilometres,Road,1994,295.96
LUX,Luxembourg,Annual,Fatalities,Per 1 000 000 000 vehicle-kilometres,Road,2015,62.18
GBR,United Kingdom,Annual,Fatalities,Per 1 000 000 000 vehicle-kilometres,Road,2013,3.62
GBR,United Kingdom,Annual,Fatalities,Per 1 000 000 000 vehicle-kilometres,Road,2012,3.70
GBR,United Kingdom,Annual,Fatalities,Per 1 000 000 000 vehicle-kilometres,Road,2018,3.42
GBR,United Kingdom,Annual,Fatalities,Per 1 000 000 000 vehicle-kilometres,Road,2017,3.34
GBR,United Kingdom,Annual,Fatalities,Per 1 000 000 000 vehicle-kilometres,Road,2016,3.42
GBR,United Kingdom,Annual,Fatalities,Per 1 000 000 000 vehicle-kilometres,Road,2000,7.66
GBR,United Kingdom,Annual,Fatalities,Per 1 000 000 000 vehicle-kilometres,Road,1999,7.64
GBR,United Kingdom,Annual,Fatalities,Per 1 000 000 000 vehicle-kilometres,Road,1998,7.80
GBR,United Kingdom,Annual,Fatalities,Per 1 000 000 000 vehicle-kilometres,Road,2011,4.01
GBR,United Kingdom,Annual,Fatalities,Per 1 000 000 000 vehicle-kilometres,Road,2010,3.90
GBR,United Kingdom,Annual,Fatalities,Per 1 000 000 000 vehicle-kilometres,Road,2009,4.71