Description,Number of jobs,Median,Annual % change,Mean,Mean: Annual % change,10 percentile,20 percentile,25 percentile,30 percentile,40 percentile,50 percentile,60 percentile,70 percentile,80 percentile,90 percentile,Date
United Kingdom,27882,37,-0.1,33.1,-0.1,15.30,24.10,29.30,32.40,35.00,37.50,37.60,39.10,40.00,42.30,2024-01-01
"Managers, directors and senior officials",3035,37.5,0,36.3,0,28.70,35.00,35.00,35.60,37.00,37.50,39.90,40.00,40.00,42.50,2024-01-01
Corporate managers and directors,2386,37.5,0,36,0.1,28.30,x,35.00,35.00,37.00,37.50,39.10,40.00,40.00,41.40,2024-01-01
Other managers and proprietors,649,37.7,-0.8,37.5,-0.4,29.30,35.00,36.00,37.00,37.50,39.90,40.00,40.00,41.40,45.00,2024-01-01
Professional occupations,7930,36.9,-0.2,33.6,-0.7,21.00,30.00,32.50,34.00,35.00,37.40,37.50,37.50,37.60,40.00,2024-01-01
"Science, research, engineering and technology professionals",1892,37.5,0,37,-0.5,35.00,35.40,36.50,37.00,37.10,37.50,37.90,38.80,39.90,40.00,2024-01-01
Health professionals,2068,37.4,-0.2,32.2,0,15.00,22.70,25.80,30.00,35.00,37.50,37.50,37.50,37.80,40.00,2024-01-01
Teaching and other educational professionals,1725,32.5,0,29,-0.4,14.30,22.10,25.00,27.50,32.40,32.50,35.00,35.00,35.50,37.00,2024-01-01
"Business, media and public service professionals",2245,37,0,35.5,-0.1,30.00,35.00,35.00,35.00,36.10,37.40,37.50,37.50,37.90,40.00,2024-01-01
Associate professional occupations,4329,37,0.1,35,-0.4,22.40,34.00,35.00,35.00,36.90,37.50,38.00,39.90,40.00,41.10,2024-01-01
"Science, engineering and technology associate professionals",810,37.5,0,37.3,0.2,32.50,35.00,36.40,36.90,37.00,37.50,39.10,40.00,40.00,42.50,2024-01-01
Health and social care associate professionals,679,35,0,31.4,1,16.40,22.50,25.30,29.50,34.00,36.90,37.00,37.40,37.50,39.90,2024-01-01
Protective service occupations,407,40,0,40.1,0,36.00,37.90,39.90,x,40.00,40.40,41.90,42.20,43.00,46.20,2024-01-01
"Culture, media and sports occupations",283,35,0,27.4,-2.5,4.60,9.70,13.80,18.70,29.80,37.00,37.50,37.50,38.60,40.00,2024-01-01
Business and public service associate professionals,2150,37,0,35.4,-0.7,27.00,35.00,35.00,35.00,36.90,37.50,37.50,38.00,39.90,40.00,2024-01-01
Administrative and secretarial occupations,2776,35,0,31,0.4,14.90,21.00,24.00,27.80,34.00,37.00,37.50,37.50,37.50,40.00,2024-01-01
Administrative occupations,2286,36.1,0,31.7,0.5,15.00,22.40,25.50,30.00,35.00,37.00,37.50,37.50,37.70,40.00,2024-01-01
Secretarial and related occupations,490,30,-0.2,27.8,-0.4,11.30,16.90,19.80,21.40,25.00,35.00,36.80,37.10,37.50,39.90,2024-01-01
Skilled trades occupations,1686,40,0,38.9,0.1,27.50,36.00,37.00,37.40,38.60,40.00,42.00,43.00,44.60,48.00,2024-01-01
Skilled agricultural and related trades,103,38.3,-1.8,36.2,-2.1,20.70,33.00,35.90,36.80,37.40,40.00,40.00,40.50,41.50,45.00,2024-01-01
"Skilled metal, electrical and electronic trades",870,40,0,40.8,0.2,35.80,37.00,37.50,37.90,39.20,40.70,42.50,44.00,45.00,48.90,2024-01-01
Skilled construction and building trades,298,40,0,39.9,0.1,35.00,37.00,37.50,38.00,39.70,40.00,42.00,42.80,44.30,48.00,2024-01-01
"Textiles, printing and other skilled trades",415,37.5,0.1,34.9,0.4,17.90,24.80,28.00,30.60,35.00,39.90,40.10,41.80,43.50,48.00,2024-01-01
"Caring, leisure and other service occupations",2429,31.5,1.6,29.6,1.2,11.20,18.00,20.50,22.90,27.80,35.00,37.40,37.50,38.60,43.50,2024-01-01
Caring personal service occupations,2021,31.5,1.6,29.9,1.4,11.50,18.50,21.00,23.00,28.00,35.00,37.40,37.50,38.60,44.20,2024-01-01
"Leisure, travel and related personal service occupations",386,30,0,28,-0.1,9.70,15.50,17.50,20.00,25.00,35.40,37.40,37.50,39.00,40.50,2024-01-01
Community and civil enforcement occupations,23,36.9,-0.2,34.3,-1.1,19.90,32.40,35.00,36.00,36.40,x,37.00,37.30,38.60,x,2024-01-01
Sales and customer service occupations,1692,26.8,0.4,26.4,-0.8,10.00,14.90,16.10,18.00,22.00,32.00,36.50,37.40,37.50,40.00,2024-01-01
Sales occupations,1261,23.6,-1.5,24.8,-1.8,9.20,13.50,15.20,16.30,19.90,28.50,33.50,36.30,37.50,40.00,2024-01-01
Customer service occupations,431,35.4,1.2,31.1,0.8,15.00,20.80,24.00,27.20,34.50,37.00,37.50,37.50,37.90,40.00,2024-01-01
"Process, plant and machine operatives",1363,40,0,40.1,0,24.00,35.10,37.00,37.50,39.00,42.00,44.70,45.90,48.00,52.60,2024-01-01
"Process, plant and machine operatives",644,39.7,-0.1,38.9,0.3,28.70,36.00,37.00,37.50,38.50,40.00,41.90,42.90,44.10,48.00,2024-01-01
Transport and mobile machine drivers and operatives,719,41.8,-0.2,41.1,-0.1,22.10,35.00,37.00,37.90,40.00,44.80,47.40,48.10,50.00,56.00,2024-01-01
Elementary occupations,2641,27.5,-3.5,26.7,-1.8,6.70,11.20,13.70,15.90,20.50,35.00,37.50,39.00,40.00,44.00,2024-01-01
Elementary trades and related occupations,255,39.2,0.2,37.1,0.1,17.90,31.20,34.70,36.70,37.90,40.00,41.90,43.00,44.70,48.70,2024-01-01
Elementary administration and service occupations,2387,25,-0.8,25.6,-1.6,6.30,10.50,12.60,15.00,19.90,32.00,37.00,38.00,39.90,42.80,2024-01-01
North East,947,37,0,32.9,0,15.90,23.50,27.40,31.30,35.00,37.50,37.60,39.00,39.90,42.00,2024-01-01
"North East,  Managers, directors and senior officials",81,37.5,0,35.5,-1.1,24.00,34.00,35.00,36.00,37.00,37.50,39.10,40.00,40.00,41.50,2024-01-01
"North East, Corporate managers and directors",62,37.5,0,35.3,-2,23.80,35.00,35.00,36.00,37.00,37.50,39.00,39.80,40.00,x,2024-01-01
"North East, Other managers and proprietors",19,37.5,0,36.2,1.8,26.30,30.00,33.90,36.00,37.00,39.00,40.00,40.00,40.00,x,2024-01-01
"North East,  Professional occupations",224,37,0,33.7,-0.4,22.00,30.00,32.50,34.00,35.90,37.40,x,37.50,37.60,39.90,2024-01-01
"North East, Science, research, engineering and technology professionals",52,37.5,0,36.8,-0.7,34.70,35.00,36.00,36.90,37.00,37.50,37.70,38.20,39.90,x,2024-01-01
"North East, Health professionals",68,37.5,0.2,33,-1.4,18.80,24.00,30.00,32.50,37.30,x,x,37.50,38.00,x,2024-01-01
"North East, Teaching and other educational professionals",44,32.5,-0.1,29.6,1.1,17.60,24.40,24.90,26.00,32.40,32.50,34.70,37.00,37.00,x,2024-01-01
"North East, Business, media and public service professionals",61,36.9,-0.2,34.7,-0.7,26.30,34.90,35.00,35.00,36.30,37.00,37.40,37.50,37.50,x,2024-01-01
"North East,  Associate professional occupations",155,37,0,35.3,0.2,22.40,34.70,35.00,36.80,37.00,37.50,38.00,39.80,40.00,41.80,2024-01-01
"North East, Science, engineering and technology associate professionals",31,37,-0.8,37.2,-0.1,34.50,36.50,36.90,36.90,37.00,37.50,38.20,39.10,40.00,x,2024-01-01
"North East, Health and social care associate professionals",28,36.2,-2,30.8,-2.3,15.00,19.90,22.50,26.90,34.50,37.00,x,x,37.00,x,2024-01-01
"North East, Protective service occupations",22,40,0.1,40.8,0,37.00,39.60,x,39.90,x,41.10,42.00,42.00,42.20,x,2024-01-01
"North East, Business and public service associate professionals",68,37,0,35.5,0.4,25.00,35.00,35.00,36.20,37.00,37.50,x,37.50,38.60,x,2024-01-01
"North East,  Administrative and secretarial occupations",106,36.2,-1.5,31.2,-1.2,15.10,22.00,24.00,26.50,32.40,37.00,37.40,37.50,37.50,40.00,2024-01-01
"North East, Administrative occupations",89,36.9,0,31.9,-1.3,15.90,22.50,25.00,29.60,35.00,37.00,37.50,37.50,37.50,40.00,2024-01-01
"North East, Secretarial and related occupations",17,28.5,-5.2,27.5,-0.6,x,17.40,21.00,22.50,25.10,33.80,35.00,37.00,37.50,x,2024-01-01
"North East,  Skilled trades occupations",65,39,0.3,38.7,0.9,28.40,35.90,37.00,37.40,38.00,40.00,40.90,42.20,44.00,48.40,2024-01-01
"North East, Skilled metal, electrical and electronic trades",34,40,0.8,41.4,1.1,36.70,37.50,37.60,38.00,38.90,40.20,42.30,44.00,45.50,x,2024-01-01
"North East, Skilled construction and building trades",13,39,0,39,0.9,31.90,36.90,37.00,37.40,x,40.00,40.00,40.80,41.70,x,2024-01-01
"North East, Textiles, printing and other skilled trades",15,35.8,-3.3,33.8,0.1,x,24.00,26.80,29.70,33.90,37.10,39.70,40.00,41.30,x,2024-01-01
"North East,  Caring, leisure and other service occupations",84,32.5,-2.1,29.7,-4.1,11.50,18.20,20.40,22.50,27.60,36.70,37.00,37.50,38.00,44.00,2024-01-01
"North East, Caring personal service occupations",71,32.5,-2.8,29.9,-5.4,11.50,18.50,21.30,22.50,28.50,36.00,37.10,37.50,38.60,44.30,2024-01-01
"North East, Leisure, travel and related personal service occupations",12,30,-0.2,27.8,1.2,x,15.70,16.60,20.00,25.10,36.90,37.00,x,x,x,2024-01-01
"North East,  Sales and customer service occupations",75,28.1,8.2,27.5,3.5,12.40,16.20,18.10,20.00,23.60,33.30,36.90,37.40,37.50,40.00,2024-01-01
"North East, Sales occupations",54,23.9,1.6,25.6,2.1,11.50,15.20,16.20,17.50,20.60,29.30,34.00,36.60,37.50,40.00,2024-01-01
"North East, Customer service occupations",22,36.1,3.1,32.5,7.3,19.90,24.50,25.30,29.40,35.00,36.90,37.50,37.50,37.90,x,2024-01-01
"North East,  Process, plant and machine operatives",57,40,0,40.8,0.6,30.50,37.00,37.50,37.50,39.00,41.00,43.90,45.00,47.00,52.10,2024-01-01
"North East, Process, plant and machine operatives",31,39.1,-2.1,39.6,-0.7,34.40,37.00,37.50,37.50,38.50,40.00,40.90,41.90,43.20,x,2024-01-01
"North East, Transport and mobile machine drivers and operatives",26,41.8,3,42.3,2.1,24.00,36.90,37.50,38.20,40.00,45.00,47.50,48.00,50.00,x,2024-01-01
"North East,  Elementary occupations",100,24,-5.2,25.7,0.5,6.40,10.30,12.50,14.70,18.40,33.00,37.50,39.10,40.00,43.30,2024-01-01
"North East, Elementary trades and related occupations",10,39.7,3,38.5,6.6,x,34.70,37.00,37.70,39.00,40.00,41.00,43.50,x,x,2024-01-01
"North East, Elementary administration and service occupations",89,20.9,-6.7,24.3,-0.2,6.00,10.00,11.60,13.50,17.00,29.10,37.00,37.50,39.90,42.00,2024-01-01
North West,2931,37,0,33.4,0.2,16.10,25.00,30.00,32.50,35.00,37.50,37.60,39.00,40.00,42.50,2024-01-01
"North West, Managers, directors and senior officials",293,37.5,0,36.3,-0.3,28.00,35.00,35.00,35.90,37.00,37.60,39.90,40.00,40.00,42.50,2024-01-01
"North West, Corporate managers and directors",225,37.4,-0.1,36,0.3,28.00,x,35.00,35.40,37.00,37.50,38.90,39.90,40.00,42.30,2024-01-01
"North West, Other managers and proprietors",68,38.8,-0.2,37.6,-2.7,28.80,35.00,35.80,36.80,37.50,40.00,40.00,40.40,41.40,x,2024-01-01
"North West, Professional occupations",793,37,0,34.1,-0.9,22.50,30.70,32.50,34.50,35.00,37.50,37.50,37.50,37.80,40.00,2024-01-01
"North West, Science, research, engineering and technology professionals",180,37.5,0,37,-1,35.00,36.00,36.70,37.00,37.00,37.50,37.90,38.60,39.80,40.50,2024-01-01
"North West, Health professionals",231,37.5,0,34.4,1.5,21.90,28.00,30.30,34.90,37.50,37.50,37.50,37.50,39.20,42.10,2024-01-01
"North West, Teaching and other educational professionals",171,32.4,-0.2,29.1,-2,16.00,24.30,26.00,27.50,32.10,32.50,32.50,35.00,35.00,36.90,2024-01-01
"North West, Business, media and public service professionals",211,37,0,35.6,-1.2,30.00,35.00,x,35.00,36.20,37.30,37.50,37.50,37.90,40.00,2024-01-01
"North West, Associate professional occupations",447,37.2,0.4,35.5,1.2,24.90,35.00,35.00,35.20,37.00,37.50,37.90,39.00,40.00,40.70,2024-01-01
"North West, Science, engineering and technology associate professionals",85,37.5,-0.1,37.2,0.4,35.00,35.10,36.30,36.90,37.00,37.50,38.80,40.00,40.00,41.80,2024-01-01
"North West, Health and social care associate professionals",74,35,0.1,32.1,3.5,17.80,25.00,28.80,30.50,35.00,36.80,37.00,37.50,37.50,x,2024-01-01
"North West, Protective service occupations",31,40,0,40.7,-0.8,36.70,37.90,39.90,x,x,40.20,41.00,41.90,42.00,x,2024-01-01
"North West, Culture, media and sports occupations",25,36.5,4.3,30.2,5.6,x,x,x,29.80,34.90,37.50,x,37.50,38.40,x,2024-01-01
"North West, Business and public service associate professionals",232,37.3,0.1,35.7,0.1,28.00,x,35.00,35.90,37.00,37.50,37.50,38.70,39.90,40.00,2024-01-01
"North West, Administrative and secretarial occupations",315,36,0,31.9,0.7,16.00,22.60,26.50,30.00,35.00,37.00,37.50,37.50,37.60,40.00,2024-01-01
"North West, Administrative occupations",262,36.5,-0.8,32.7,0.9,17.90,25.00,29.00,32.00,35.00,37.00,37.50,37.50,38.00,40.00,2024-01-01
"North West, Secretarial and related occupations",53,30.6,1.5,28.2,-1.2,12.00,18.80,20.30,22.10,25.90,35.00,36.80,37.40,37.50,39.80,2024-01-01
"North West, Skilled trades occupations",180,39.9,0,39.2,0.4,30.70,36.70,37.00,37.40,38.00,40.00,41.90,42.80,44.20,48.30,2024-01-01
"North West, Skilled agricultural and related trades",8,37.5,0.1,38.7,4.1,x,36.70,x,37.00,37.50,37.90,39.90,40.00,x,x,2024-01-01
"North West, Skilled metal, electrical and electronic trades",98,40,0,40.8,0.7,36.00,37.00,37.40,37.50,38.80,40.20,42.30,43.30,44.80,48.70,2024-01-01
"North West, Skilled construction and building trades",30,40,0.2,39.2,-1,35.00,37.00,37.50,37.50,39.00,40.00,40.40,41.90,42.70,x,2024-01-01
"North West, Textiles, printing and other skilled trades",43,39,4,35.4,0.3,16.50,23.50,27.70,32.00,36.00,40.00,41.60,43.00,44.40,x,2024-01-01
"North West, Caring, leisure and other service occupations",271,32.5,1.3,29.8,0.2,12.00,18.70,21.10,23.50,28.70,35.00,37.40,37.50,38.10,42.00,2024-01-01
"North West, Caring personal service occupations",229,32.5,1.5,30,0.4,12.00,19.20,21.50,23.90,28.80,35.00,37.40,37.50,38.00,42.80,2024-01-01
"North West, Leisure, travel and related personal service occupations",42,32,-2.9,28.6,0,x,16.80,19.80,21.10,26.70,35.70,37.40,37.50,39.00,x,2024-01-01
"North West, Sales and customer service occupations",182,28.3,-2.1,27,-1.8,11.30,15.70,16.60,18.60,22.90,32.80,36.50,37.40,37.50,40.00,2024-01-01
"North West, Sales occupations",130,24.3,-4.9,25.3,-2.9,10.00,14.50,16.00,16.60,20.00,29.90,34.30,36.80,37.50,40.00,2024-01-01
"North West, Customer service occupations",52,35,0,31.2,-0.7,15.60,21.40,24.00,27.90,32.40,36.70,37.40,37.50,37.50,x,2024-01-01
"North West, Process, plant and machine operatives",157,40,0,40.1,-0.4,24.00,35.00,36.50,37.40,38.80,42.00,45.00,46.50,48.00,53.50,2024-01-01
"North West, Process, plant and machine operatives",73,39,0,38.6,0.9,28.50,35.70,36.50,37.00,37.90,40.00,42.00,42.50,44.20,49.00,2024-01-01
"North West, Transport and mobile machine drivers and operatives",84,42.4,-0.2,41.5,-0.9,23.40,34.80,36.80,37.80,40.00,44.90,47.90,49.00,50.50,56.30,2024-01-01
"North West, Elementary occupations",296,28,-1,26.8,-1.2,7.00,11.50,14.30,16.00,21.20,34.70,37.50,38.90,40.00,43.60,2024-01-01
"North West, Elementary trades and related occupations",31,38.7,-0.7,36.8,0.4,17.20,32.00,34.50,35.90,37.50,40.00,41.20,42.30,43.90,x,2024-01-01
"North West, Elementary administration and service occupations",265,25,-4.8,25.7,-1.9,6.60,10.70,13.30,15.00,20.00,31.80,37.00,37.70,39.90,42.50,2024-01-01
Yorkshire and The Humber,2178,37,0,33.3,0.2,16.00,24.60,29.60,32.10,35.00,37.50,37.80,39.50,40.00,42.50,2024-01-01
"Yorkshire and The Humber, Managers, directors and senior officials",213,37.5,0,36.4,0.2,28.00,35.00,35.00,36.70,37.00,37.90,39.90,40.00,40.00,42.50,2024-01-01
"Yorkshire and The Humber, Corporate managers and directors",165,37.5,0,36.2,1,27.80,35.00,35.00,36.50,37.00,37.60,39.80,40.00,40.00,41.90,2024-01-01
"Yorkshire and The Humber, Other managers and proprietors",48,37.5,-0.3,36.9,-2.8,25.90,35.00,36.30,36.90,37.00,39.50,40.00,40.00,40.10,x,2024-01-01
"Yorkshire and The Humber, Professional occupations",561,36.9,-0.2,33.8,-1.2,22.40,30.00,32.40,32.50,35.00,37.20,37.50,37.50,37.60,40.00,2024-01-01
"Yorkshire and The Humber, Science, research, engineering and technology professionals",117,37.5,-0.1,37.2,-0.7,34.80,35.00,36.10,36.90,37.00,37.50,37.50,38.40,39.90,40.50,2024-01-01
"Yorkshire and The Humber, Health professionals",155,37.5,0,33.2,1.6,18.90,25.00,30.00,31.10,36.50,37.50,x,37.60,37.80,40.40,2024-01-01
"Yorkshire and The Humber, Teaching and other educational professionals",134,32.5,0,29.6,-1.1,18.40,24.20,26.00,29.40,32.30,32.50,32.50,35.00,36.50,x,2024-01-01
"Yorkshire and The Humber, Business, media and public service professionals",155,37,0,35.3,-0.8,28.00,x,35.00,35.00,36.60,37.00,x,37.50,37.50,x,2024-01-01
"Yorkshire and The Humber, Associate professional occupations",333,37,0,35.1,0.3,22.50,33.70,35.00,35.70,37.00,37.50,38.10,39.90,40.00,40.50,2024-01-01
"Yorkshire and The Humber, Science, engineering and technology associate professionals",65,37.5,0,37,-1.4,30.00,35.00,36.60,37.00,37.00,37.70,39.40,40.00,40.00,x,2024-01-01
"Yorkshire and The Humber, Health and social care associate professionals",64,36.8,5.1,31.6,2.6,18.00,22.50,26.70,30.00,34.50,37.00,x,37.00,37.50,x,2024-01-01
"Yorkshire and The Humber, Protective service occupations",30,40,0,39.8,-1.2,37.00,39.90,39.90,x,x,40.00,x,40.00,42.00,x,2024-01-01
"Yorkshire and The Humber, Culture, media and sports occupations",16,35.1,6.5,27.9,11.8,x,x,x,x,32.00,37.00,x,37.50,x,x,2024-01-01
"Yorkshire and The Humber, Business and public service associate professionals",158,37.3,0.1,35.6,0.1,27.00,35.00,35.00,36.50,37.00,37.50,37.50,38.50,39.90,40.00,2024-01-01
"Yorkshire and The Humber, Administrative and secretarial occupations",218,35,0,31,1,14.50,21.00,24.10,28.00,34.00,37.00,37.50,37.50,37.60,40.00,2024-01-01
"Yorkshire and The Humber, Administrative occupations",183,36.8,0.6,32,0.7,15.90,23.50,27.50,30.00,35.00,37.00,37.50,37.50,37.80,40.00,2024-01-01
"Yorkshire and The Humber, Secretarial and related occupations",35,26.4,-5.2,25.6,-0.5,9.10,14.70,16.20,18.60,22.50,30.10,35.00,35.90,37.00,x,2024-01-01
"Yorkshire and The Humber, Skilled trades occupations",152,40,0,39.2,-2.4,27.90,36.70,37.00,37.50,39.00,40.10,42.30,43.40,45.00,48.20,2024-01-01
"Yorkshire and The Humber, Skilled agricultural and related trades",5,37,0,34,-12.6,x,x,x,x,36.80,38.20,x,x,x,x,2024-01-01
"Yorkshire and The Humber, Skilled metal, electrical and electronic trades",82,40,0,41.3,-1,35.80,37.50,38.00,39.00,40.00,41.80,43.20,44.80,46.00,50.00,2024-01-01
"Yorkshire and The Humber, Skilled construction and building trades",30,40,0,40.6,-1.3,36.80,37.50,38.40,39.00,40.00,40.00,42.20,43.00,44.20,x,2024-01-01
"Yorkshire and The Humber, Textiles, printing and other skilled trades",34,36.9,-1.6,34.1,-5.2,17.00,24.80,27.80,29.90,34.00,38.40,40.00,40.30,41.80,x,2024-01-01
"Yorkshire and The Humber, Caring, leisure and other service occupations",196,31.3,1.6,30.1,2.8,14.90,20.00,22.50,24.90,29.20,34.50,37.00,37.50,37.60,41.50,2024-01-01
"Yorkshire and The Humber, Caring personal service occupations",167,32,2.6,30.5,3.7,15.00,20.90,23.00,25.10,29.80,34.80,37.50,37.50,37.80,42.20,2024-01-01
"Yorkshire and The Humber, Leisure, travel and related personal service occupations",26,29.9,-0.5,27.1,-3.4,12.20,16.00,17.00,18.80,26.00,31.30,35.00,37.00,37.50,x,2024-01-01
"Yorkshire and The Humber, Sales and customer service occupations",146,28.8,4.3,27.2,1.4,10.60,16.00,17.30,19.70,23.20,33.60,37.00,37.50,37.80,40.00,2024-01-01
"Yorkshire and The Humber, Sales occupations",106,25,2.5,25.8,2.3,9.40,14.90,16.00,17.80,21.00,30.00,35.10,37.00,37.70,40.00,2024-01-01
"Yorkshire and The Humber, Customer service occupations",40,35.4,1.2,30.9,-1.1,15.70,20.00,23.90,27.30,32.50,37.00,37.50,37.50,38.00,x,2024-01-01
"Yorkshire and The Humber, Process, plant and machine operatives",126,40,0,41.3,0.1,28.50,36.00,37.40,37.50,39.90,42.00,44.80,47.00,48.50,55.00,2024-01-01
"Yorkshire and The Humber, Process, plant and machine operatives",67,40,1.9,39.2,1.2,29.00,35.00,36.90,37.50,38.60,40.00,41.90,42.70,44.00,48.80,2024-01-01
"Yorkshire and The Humber, Transport and mobile machine drivers and operatives",60,42.5,0,43.6,-0.5,28.00,37.00,37.90,40.00,40.90,46.40,48.60,50.00,52.50,58.80,2024-01-01
"Yorkshire and The Humber, Elementary occupations",233,28.7,1.5,27.1,-0.2,7.10,11.50,14.00,16.00,21.00,36.00,38.00,39.80,40.00,44.00,2024-01-01
"Yorkshire and The Humber, Elementary trades and related occupations",24,39.2,0.6,37.2,1.3,x,30.00,35.50,37.00,38.00,40.00,41.80,43.00,44.70,x,2024-01-01
"Yorkshire and The Humber, Elementary administration and service occupations",209,25,3.1,25.9,0.1,6.60,10.80,13.10,15.30,19.90,32.40,37.50,38.70,40.00,42.70,2024-01-01
East Midlands,1871,37,0,33,0.1,14.70,22.90,27.50,30.70,35.00,37.50,38.90,39.90,40.00,43.70,2024-01-01
"East Midlands, Managers, directors and senior officials",193,37.5,0,36.2,-0.1,25.00,35.00,35.40,36.90,37.40,38.50,39.90,40.00,40.00,43.10,2024-01-01
"East Midlands, Corporate managers and directors",143,37.5,0,35.8,0.3,22.50,35.00,35.00,36.80,37.30,37.80,39.50,40.00,40.00,42.50,2024-01-01
"East Midlands, Other managers and proprietors",50,38,-4.7,37.5,-1.1,29.90,35.00,36.90,37.00,37.40,39.90,40.00,40.00,40.50,x,2024-01-01
"East Midlands, Professional occupations",416,37,0,33.6,-0.4,20.80,28.70,32.10,32.50,35.00,37.40,37.50,37.50,38.40,40.00,2024-01-01
"East Midlands, Science, research, engineering and technology professionals",107,37.5,0,37.6,-0.7,35.00,36.90,37.00,37.00,37.40,37.50,39.10,39.90,40.00,40.10,2024-01-01
"East Midlands, Health professionals",96,37.4,0.1,32.1,1.3,15.00,22.50,24.90,29.70,33.50,37.50,37.50,37.50,38.30,42.50,2024-01-01
"East Midlands, Teaching and other educational professionals",106,32.5,0,28.8,-1.6,14.10,22.00,25.30,27.30,31.40,32.50,32.50,33.40,36.90,37.00,2024-01-01
"East Midlands, Business, media and public service professionals",107,37,0,35.5,1.2,26.70,35.00,35.00,35.90,36.90,37.50,37.50,37.60,38.70,40.00,2024-01-01
"East Midlands, Associate professional occupations",278,37.2,-0.6,34.6,-0.7,20.30,31.60,35.00,35.80,37.00,37.50,38.00,39.90,40.00,40.90,2024-01-01
"East Midlands, Science, engineering and technology associate professionals",60,37.5,0,37.9,-0.1,33.60,36.90,37.00,37.00,37.50,38.40,40.00,40.00,40.10,x,2024-01-01
"East Midlands, Health and social care associate professionals",48,36.9,0.7,32.2,5.9,18.00,24.20,27.30,30.00,35.00,37.00,37.00,37.40,37.50,x,2024-01-01
"East Midlands, Protective service occupations",17,40,0,39.9,0.7,35.00,37.00,39.80,x,x,40.90,41.90,42.00,43.50,x,2024-01-01
"East Midlands, Culture, media and sports occupations",21,31.2,-8.9,26.5,2.6,4.90,x,x,x,25.10,36.00,37.30,37.50,37.50,x,2024-01-01
"East Midlands, Business and public service associate professionals",132,37.3,-0.3,34.7,-1.5,21.60,34.50,35.00,36.00,37.00,37.50,37.50,38.60,39.90,40.00,2024-01-01
"East Midlands, Administrative and secretarial occupations",191,35,0,30.3,0.1,13.80,20.00,22.40,25.00,30.10,37.00,37.50,37.50,37.90,40.00,2024-01-01
"East Midlands, Administrative occupations",153,36.8,0.3,31,0.7,13.80,20.90,23.40,27.50,33.10,37.00,37.50,37.50,38.00,40.00,2024-01-01
"East Midlands, Secretarial and related occupations",38,29.8,-0.4,27.7,-1.5,13.90,18.40,20.00,21.00,24.00,33.90,36.90,37.10,37.50,x,2024-01-01
"East Midlands, Skilled trades occupations",129,39.9,0.3,39,1.3,27.60,36.30,37.00,37.40,38.90,40.00,42.00,42.60,44.60,48.70,2024-01-01
"East Midlands, Skilled agricultural and related trades",6,37.8,-1.3,33.7,-7.6,x,x,x,33.60,37.00,39.20,40.00,x,x,x,2024-01-01
"East Midlands, Skilled metal, electrical and electronic trades",73,40,0,41.5,1.2,36.80,37.20,37.50,38.00,39.80,41.40,42.60,44.10,46.30,49.60,2024-01-01
"East Midlands, Skilled construction and building trades",20,40,0,39.7,0.3,29.20,36.90,37.00,37.50,39.00,40.20,42.00,42.70,43.80,x,2024-01-01
"East Midlands, Textiles, printing and other skilled trades",30,37,0.1,33.5,3.1,15.80,21.80,26.20,30.30,34.50,38.90,39.80,40.00,40.90,x,2024-01-01
"East Midlands, Caring, leisure and other service occupations",168,32,5.2,29.8,4.1,11.30,18.50,20.50,22.70,28.00,35.40,37.40,37.50,39.30,44.60,2024-01-01
"East Midlands, Caring personal service occupations",143,32.2,3.3,30.1,3.5,11.20,18.50,20.70,22.90,28.00,35.30,37.40,37.50,39.40,45.20,2024-01-01
"East Midlands, Leisure, travel and related personal service occupations",24,30,18.3,28.4,8.1,x,16.60,19.90,21.80,24.80,35.20,37.20,37.50,39.00,x,2024-01-01
"East Midlands, Sales and customer service occupations",115,27,0.4,26.4,-0.4,10.00,14.90,16.50,18.30,22.10,31.50,36.60,37.30,37.50,40.00,2024-01-01
"East Midlands, Sales occupations",82,23.5,-3.8,24.6,-2.5,9.00,13.20,15.00,16.70,20.00,28.20,32.20,35.90,37.10,40.00,2024-01-01
"East Midlands, Customer service occupations",32,36.2,3.5,30.9,1.5,14.00,19.60,22.50,25.70,34.50,37.00,37.50,37.50,37.80,x,2024-01-01
"East Midlands, Process, plant and machine operatives",139,40,0,40.2,-0.6,24.00,36.00,37.00,37.90,39.50,42.00,44.80,45.80,47.60,53.00,2024-01-01
"East Midlands, Process, plant and machine operatives",76,40,0,39,-0.4,27.10,36.40,37.00,37.50,39.00,40.50,42.20,43.30,44.50,47.50,2024-01-01
"East Midlands, Transport and mobile machine drivers and operatives",64,42.5,0,41.7,-0.3,20.00,35.00,37.30,38.50,40.00,45.00,48.00,49.30,50.50,57.00,2024-01-01
"East Midlands, Elementary occupations",242,30.4,-6.6,27.5,-3.2,5.80,10.00,12.80,15.90,22.80,37.10,39.10,40.00,40.00,44.40,2024-01-01
"East Midlands, Elementary trades and related occupations",29,39.7,-0.4,38.4,-1,20.60,34.50,36.30,37.40,38.10,40.00,41.90,42.50,45.00,x,2024-01-01
"East Midlands, Elementary administration and service occupations",213,27.3,-7.9,26,-3.5,5.20,9.60,11.50,14.10,20.00,35.20,38.00,39.80,40.00,43.40,2024-01-01
West Midlands,2204,37,0,33.3,0.3,15.90,24.30,29.10,32.30,35.00,37.50,38.40,39.80,40.00,43.20,2024-01-01
"West Midlands, Managers, directors and senior officials",218,37.5,0,36.6,0.5,28.00,35.00,35.00,36.30,37.00,38.50,39.90,40.00,40.00,43.50,2024-01-01
"West Midlands, Corporate managers and directors",170,37.5,0,36.4,0.8,28.00,35.00,35.00,36.10,37.00,37.60,39.30,40.00,40.00,42.10,2024-01-01
"West Midlands, Other managers and proprietors",49,39,0,37.7,-1,28.80,35.00,36.30,37.00,37.50,39.90,40.00,40.40,41.80,x,2024-01-01
"West Midlands, Professional occupations",530,36.9,-0.2,33.4,-0.9,21.80,29.90,32.40,32.50,35.00,37.30,x,37.50,37.50,40.00,2024-01-01
"West Midlands, Science, research, engineering and technology professionals",126,37.5,0,37,-1.3,35.00,36.20,36.90,37.00,37.30,37.50,37.90,38.60,39.40,40.00,2024-01-01
"West Midlands, Health professionals",133,37.3,-0.4,32,0.3,16.60,23.00,25.00,30.00,34.00,37.50,x,37.50,37.50,40.00,2024-01-01
"West Midlands, Teaching and other educational professionals",135,32.5,0,29.3,-0.4,15.80,23.10,25.00,27.10,32.40,32.50,35.00,36.40,37.00,x,2024-01-01
"West Midlands, Business, media and public service professionals",135,37,0,35.3,-0.4,28.00,34.90,35.00,35.00,36.40,37.40,37.50,37.50,37.90,40.00,2024-01-01
"West Midlands, Associate professional occupations",369,37.5,0,35.9,0.3,25.00,34.90,35.00,36.40,37.00,37.50,39.30,40.00,40.00,42.00,2024-01-01
"West Midlands, Science, engineering and technology associate professionals",70,37.5,-0.3,37.9,-0.9,34.90,36.50,37.00,37.00,37.50,39.00,39.90,40.00,40.00,x,2024-01-01
"West Midlands, Health and social care associate professionals",52,36.1,-0.8,32.4,1.6,18.50,24.00,27.50,30.00,34.00,37.00,37.00,37.50,37.50,x,2024-01-01
"West Midlands, Protective service occupations",51,40,0,39.8,3.2,35.60,37.00,37.00,40.00,x,40.90,42.00,42.00,42.60,x,2024-01-01
"West Midlands, Culture, media and sports occupations",20,35,-3.9,29.5,-0.7,x,x,x,25.20,30.20,37.30,37.50,37.50,37.80,x,2024-01-01
"West Midlands, Business and public service associate professionals",176,37.4,0,35.8,-1,28.30,35.00,35.00,36.10,37.00,37.50,37.50,39.00,39.90,40.00,2024-01-01
"West Midlands, Administrative and secretarial occupations",232,36,-0.4,31.1,-0.4,14.20,22.00,24.40,28.00,34.00,37.00,37.50,37.50,37.90,40.00,2024-01-01
"West Midlands, Administrative occupations",196,36.6,-0.5,31.8,-0.1,15.00,23.00,25.70,30.00,35.00,37.00,37.50,37.50,38.70,40.00,2024-01-01
"West Midlands, Secretarial and related occupations",36,30.1,-5,27.5,-3.2,10.40,16.50,18.70,20.90,24.90,35.00,36.50,37.00,37.50,x,2024-01-01
"West Midlands, Skilled trades occupations",149,40,0,40,2,30.90,37.00,37.40,37.50,39.00,40.10,42.80,44.00,45.10,49.00,2024-01-01
"West Midlands, Skilled agricultural and related trades",10,40,0,38.7,1.3,x,36.90,37.40,39.00,39.90,x,40.00,41.30,x,x,2024-01-01
"West Midlands, Skilled metal, electrical and electronic trades",88,40,0,41.7,1,36.90,37.50,37.50,38.60,39.80,41.70,44.00,45.00,46.50,50.30,2024-01-01
"West Midlands, Skilled construction and building trades",25,40,0.5,39.9,4.2,32.30,37.00,37.00,37.50,39.00,40.00,42.60,43.50,44.40,x,2024-01-01
"West Midlands, Textiles, printing and other skilled trades",25,37.5,0,35,0.8,18.40,23.90,26.90,30.40,36.20,39.30,40.00,40.10,42.30,x,2024-01-01
"West Midlands, Caring, leisure and other service occupations",184,31.9,3.4,29.8,1.7,12.00,18.80,21.40,23.30,27.50,34.50,37.20,37.50,38.30,43.70,2024-01-01
"West Midlands, Caring personal service occupations",155,32.5,4.2,30.3,2.4,13.00,19.80,22.40,24.00,28.00,35.00,37.50,37.50,38.50,44.40,2024-01-01
"West Midlands, Leisure, travel and related personal service occupations",27,26.2,-4.5,26,-3.5,8.80,14.70,16.20,18.00,22.50,30.00,35.50,36.90,37.00,x,2024-01-01
"West Midlands, Sales and customer service occupations",142,26.9,-0.7,26.5,-1.2,10.40,15.20,16.80,19.00,22.80,31.70,36.10,37.00,37.50,39.90,2024-01-01
"West Midlands, Sales occupations",103,24,-0.3,24.8,-2.5,9.50,13.70,15.60,17.00,20.10,27.90,32.50,36.00,37.30,39.60,2024-01-01
"West Midlands, Customer service occupations",39,35,0,30.9,1.2,15.00,20.80,24.00,27.50,33.20,37.00,37.50,37.50,37.60,x,2024-01-01
"West Midlands, Process, plant and machine operatives",137,40,0,40.2,0.9,24.70,36.50,37.10,37.50,39.00,41.70,44.60,45.80,47.90,51.70,2024-01-01
"West Midlands, Process, plant and machine operatives",70,39.5,1.3,39.2,1.7,31.20,37.00,37.50,37.50,38.60,40.00,42.00,43.00,44.00,48.00,2024-01-01
"West Midlands, Transport and mobile machine drivers and operatives",67,41.5,-0.7,41.2,0,22.10,34.90,37.00,37.50,40.00,45.00,47.80,48.80,50.30,55.10,2024-01-01
"West Midlands, Elementary occupations",243,29.3,-2.5,27.4,-1.7,6.50,10.80,13.10,16.00,21.50,36.80,38.60,40.00,40.00,44.60,2024-01-01
"West Midlands, Elementary trades and related occupations",28,38.9,-1.5,36.8,-1.7,16.30,26.60,32.00,34.50,37.50,40.00,42.00,43.50,45.40,x,2024-01-01
"West Midlands, Elementary administration and service occupations",215,26.5,-3.8,26.1,-1.2,6.20,10.00,12.00,15.00,20.00,34.30,37.50,39.10,40.00,43.50,2024-01-01
East,2478,37,0,32.5,-0.2,12.80,21.90,25.00,30.00,35.00,37.50,37.90,39.90,40.00,43.60,2024-01-01
"East, Managers, directors and senior officials",271,37.5,0,36.7,1.1,28.00,35.00,36.00,36.90,37.40,38.90,40.00,40.00,40.00,44.70,2024-01-01
"East, Corporate managers and directors",213,37.5,0,36.2,0.8,26.90,35.00,35.70,36.50,37.30,37.50,39.90,40.00,40.00,42.30,2024-01-01
"East, Other managers and proprietors",58,39.9,2.4,38.7,2.6,30.00,35.70,37.00,37.50,38.00,40.00,41.90,43.10,44.50,x,2024-01-01
"East, Professional occupations",708,36.8,-0.3,31.5,-1.4,11.50,22.20,25.60,30.00,34.50,37.30,37.50,37.50,37.50,40.00,2024-01-01
"East, Science, research, engineering and technology professionals",160,37.5,0,37.2,0.4,35.00,36.50,36.90,37.00,37.30,37.50,37.50,37.90,39.10,40.00,2024-01-01
"East, Health professionals",262,30,-0.1,27.3,-0.6,8.60,11.50,12.50,16.10,23.00,37.00,37.50,37.50,37.50,40.20,2024-01-01
"East, Teaching and other educational professionals",129,32.5,0,28.1,-1.5,12.90,19.50,23.70,25.00,30.00,32.50,32.50,33.10,35.20,x,2024-01-01
"East, Business, media and public service professionals",158,37,0,35.4,0,27.00,35.00,35.00,35.50,36.90,37.50,37.50,37.50,39.00,40.00,2024-01-01
"East, Associate professional occupations",366,37.4,0,34.9,-1.1,21.20,31.40,35.00,35.00,37.00,37.50,39.10,x,40.00,41.90,2024-01-01
"East, Science, engineering and technology associate professionals",68,37.5,0,37.1,-0.4,30.10,36.10,36.90,37.00,37.20,37.50,39.50,40.00,40.00,x,2024-01-01
"East, Health and social care associate professionals",55,34.9,-0.4,30.8,2,15.90,22.00,23.30,25.60,30.00,37.00,37.00,37.40,37.50,x,2024-01-01
"East, Protective service occupations",36,40,0,40,-1.1,36.00,39.90,x,x,x,40.00,41.50,42.00,42.90,x,2024-01-01
"East, Culture, media and sports occupations",24,34.8,-0.7,26.5,-4,x,x,x,x,x,36.20,37.40,37.50,37.50,x,2024-01-01
"East, Business and public service associate professionals",183,37.4,0,35.4,-0.4,24.00,34.90,35.00,35.60,37.00,37.50,37.60,39.00,40.00,40.00,2024-01-01
"East, Administrative and secretarial occupations",244,35,0,30.1,1.3,12.00,19.70,22.20,24.00,30.80,37.00,37.50,37.50,37.50,40.00,2024-01-01
"East, Administrative occupations",198,36.2,0.8,30.8,1.1,13.00,20.00,22.50,26.00,34.00,37.00,37.50,37.50,38.00,40.00,2024-01-01
"East, Secretarial and related occupations",46,28,2,27.2,2.5,10.10,16.10,19.90,21.40,24.00,33.50,37.00,37.00,37.50,x,2024-01-01
"East, Skilled trades occupations",159,40,0,39.4,0,27.90,36.80,37.20,37.50,39.50,40.70,42.80,44.20,45.10,49.10,2024-01-01
"East, Skilled agricultural and related trades",12,39.3,4.8,35,-1.5,x,x,34.90,36.00,37.00,40.00,40.70,42.40,x,x,2024-01-01
"East, Skilled metal, electrical and electronic trades",88,40.3,0.8,41.5,1.2,36.50,37.50,37.90,39.00,40.00,42.00,44.20,45.00,46.00,50.00,2024-01-01
"East, Skilled construction and building trades",26,40,0,40.1,-2.1,35.00,37.00,37.50,38.50,40.00,40.00,42.50,43.90,45.00,x,2024-01-01
"East, Textiles, printing and other skilled trades",34,37.5,-0.9,34.9,-1.9,18.70,25.20,29.30,30.70,35.10,39.10,40.00,40.30,42.50,x,2024-01-01
"East, Caring, leisure and other service occupations",199,32,6.4,30.3,4,11.50,18.00,20.60,23.30,28.40,36.80,37.50,37.50,39.90,44.80,2024-01-01
"East, Caring personal service occupations",167,32.5,8.1,31.1,5.6,13.10,20.00,22.50,24.90,29.00,36.80,37.50,37.70,40.00,45.90,2024-01-01
"East, Leisure, travel and related personal service occupations",30,25,-13.3,25.4,-4,x,13.00,14.30,15.60,18.40,33.50,37.00,37.50,37.80,x,2024-01-01
"East, Sales and customer service occupations",157,25.5,-2.8,26.3,-1,11.00,15.00,16.50,18.10,21.80,30.80,36.20,37.00,37.50,40.00,2024-01-01
"East, Sales occupations",119,23.5,-2.2,24.6,-1.8,10.10,13.50,15.30,16.50,20.00,27.10,32.40,35.20,37.50,40.00,2024-01-01
"East, Customer service occupations",37,36.1,2.3,31.5,0.3,16.60,21.00,23.60,26.10,34.70,37.00,37.50,37.50,38.10,x,2024-01-01
"East, Process, plant and machine operatives",135,40.2,0.1,40.5,0.6,22.30,35.00,37.00,37.80,39.90,43.00,45.40,47.60,49.00,54.00,2024-01-01
"East, Process, plant and machine operatives",56,40,0,39,-2.2,23.50,35.50,37.00,37.50,39.10,40.70,42.60,44.00,45.00,x,2024-01-01
"East, Transport and mobile machine drivers and operatives",80,42.3,2.4,41.5,2.6,20.30,35.00,37.00,38.00,40.00,45.00,48.00,49.70,50.80,56.80,2024-01-01
"East, Elementary occupations",240,26.4,-11,26.4,-3.8,6.00,10.70,13.00,15.80,20.00,34.00,37.50,39.00,40.00,44.70,2024-01-01
"East, Elementary trades and related occupations",22,39.9,2.1,37.5,1.4,x,32.60,35.80,37.20,38.90,40.00,42.20,43.30,44.90,x,2024-01-01
"East, Elementary administration and service occupations",219,24.5,-3.5,25.3,-3.3,5.40,10.10,12.10,14.90,19.30,30.80,37.00,37.70,39.90,44.00,2024-01-01
London,4382,36.9,0.3,33.9,-0.1,18.20,29.90,33.00,35.00,35.00,37.50,37.50,38.90,40.00,40.60,2024-01-01
"London, Managers, directors and senior officials",686,37.4,0,36.6,-0.1,33.50,x,x,35.00,36.00,37.50,39.00,39.90,40.00,40.50,2024-01-01
"London, Corporate managers and directors",576,37.3,0.7,36.4,0.1,34.30,x,x,35.00,35.50,37.50,37.90,39.90,40.00,40.00,2024-01-01
"London, Other managers and proprietors",110,37.5,0,37.6,-1,30.00,35.00,35.40,36.70,37.50,39.80,40.00,40.00,40.70,45.50,2024-01-01
"London, Professional occupations",1580,37,0.6,34.6,0,24.30,32.80,35.00,35.00,35.00,37.50,37.50,37.50,38.20,40.00,2024-01-01
"London, Science, research, engineering and technology professionals",396,37.5,0,37.1,-0.2,35.00,35.00,36.00,36.80,37.40,37.50,38.40,39.90,40.00,40.00,2024-01-01
"London, Health professionals",320,37.4,-0.2,33.8,2.1,19.90,28.70,32.00,35.00,x,x,37.50,37.50,37.50,40.00,2024-01-01
"London, Teaching and other educational professionals",253,32.4,0,28.6,2.5,13.00,21.00,24.30,27.10,29.90,32.50,35.00,35.00,36.00,37.50,2024-01-01
"London, Business, media and public service professionals",611,36.5,1.4,35.9,-0.3,34.70,x,x,35.00,35.00,37.40,x,37.50,37.90,40.00,2024-01-01
"London, Associate professional occupations",682,37.3,0.9,35.5,0,24.80,35.00,35.00,35.00,36.00,37.50,37.90,39.90,40.00,40.90,2024-01-01
"London, Science, engineering and technology associate professionals",102,37.4,-0.3,37.1,0.5,34.50,35.00,35.00,35.90,36.90,37.50,38.50,39.90,40.00,42.00,2024-01-01
"London, Health and social care associate professionals",76,35.6,0.4,31.3,-2.3,14.80,21.70,24.50,29.10,35.00,36.00,37.40,37.50,37.50,x,2024-01-01
"London, Protective service occupations",46,41.5,-1.1,41.6,2.8,36.00,37.50,x,x,40.00,42.20,43.30,44.40,45.00,x,2024-01-01
"London, Culture, media and sports occupations",64,37.3,1,30.9,-3.6,x,16.20,x,32.10,35.00,37.50,37.90,39.80,40.00,x,2024-01-01
"London, Business and public service associate professionals",394,37,0,35.9,-0.2,30.10,35.00,x,35.00,36.00,37.50,37.50,38.70,39.90,40.00,2024-01-01
"London, Administrative and secretarial occupations",397,35.3,0.6,31.7,-0.9,15.00,22.20,27.40,31.00,35.00,36.90,37.50,37.50,37.50,40.00,2024-01-01
"London, Administrative occupations",320,35.9,-0.1,32,-1.1,15.00,23.20,29.90,33.00,35.00,37.00,37.50,37.50,37.50,40.00,2024-01-01
"London, Secretarial and related occupations",77,35,0,30.2,0.6,13.90,19.50,22.00,24.90,31.60,36.00,37.40,37.50,37.50,40.00,2024-01-01
"London, Skilled trades occupations",154,40,0,38.6,1.8,23.90,35.00,36.00,37.00,38.00,40.00,42.20,43.40,45.00,48.80,2024-01-01
"London, Skilled agricultural and related trades",7,38.7,-2.9,35.9,-5.2,x,x,32.10,35.00,37.00,39.90,x,x,x,x,2024-01-01
"London, Skilled metal, electrical and electronic trades",62,40,0,39.4,-1.9,35.00,36.20,37.30,37.50,38.00,40.00,41.00,42.40,43.20,x,2024-01-01
"London, Skilled construction and building trades",19,40,0,39.5,0.2,x,x,36.20,37.40,38.30,40.20,43.30,45.40,46.70,x,2024-01-01
"London, Textiles, printing and other skilled trades",67,40,6.7,37.9,7.9,20.00,29.90,32.20,35.00,38.00,41.00,44.00,45.00,46.90,x,2024-01-01
"London, Caring, leisure and other service occupations",275,32.5,5.6,30.1,3.5,10.00,16.90,20.20,22.90,29.60,36.00,37.50,37.50,39.90,44.10,2024-01-01
"London, Caring personal service occupations",204,32.5,1.7,30,3.5,9.90,16.00,20.00,22.30,28.40,35.90,37.50,37.50,39.10,45.00,2024-01-01
"London, Leisure, travel and related personal service occupations",69,32.1,7,30.2,3.7,12.00,18.70,22.50,24.00,30.00,36.40,37.50,39.10,40.00,42.00,2024-01-01
"London, Sales and customer service occupations",208,28.5,5.1,27.1,-0.4,10.60,15.20,16.60,18.40,22.40,35.00,37.20,37.50,38.10,40.50,2024-01-01
"London, Sales occupations",155,24,-2.6,25.5,-1.7,9.30,14.10,15.90,17.00,20.00,30.00,35.60,37.40,37.90,40.10,2024-01-01
"London, Customer service occupations",53,35.7,1.9,31.9,2.5,15.00,21.10,24.80,30.00,35.00,37.40,37.50,38.00,39.50,40.70,2024-01-01
"London, Process, plant and machine operatives",102,40,0,38.5,0.2,22.10,32.80,35.00,36.10,38.00,41.00,43.50,45.00,46.10,50.50,2024-01-01
"London, Process, plant and machine operatives",31,37.9,1.1,36.2,4.8,18.40,28.50,33.00,35.00,36.80,40.00,40.00,41.20,42.60,x,2024-01-01
"London, Transport and mobile machine drivers and operatives",71,40,-0.5,39.5,-1.4,22.70,34.70,35.00,37.20,38.00,42.10,44.90,45.50,47.50,52.00,2024-01-01
"London, Elementary occupations",298,27.1,-10,27.4,-3.6,7.80,13.00,15.20,17.00,21.30,35.00,37.50,39.80,40.00,45.00,2024-01-01
"London, Elementary trades and related occupations",12,36.7,1.8,32.1,-3.3,x,18.00,20.00,21.40,30.20,39.40,40.00,42.50,44.00,x,2024-01-01
"London, Elementary administration and service occupations",286,26.6,-11.4,27.2,-3.6,7.50,12.70,15.00,16.70,20.90,34.80,37.50,39.30,40.00,45.00,2024-01-01
South East,3901,37,0,33,0.1,15.00,24.20,29.90,32.50,35.00,37.50,37.60,39.30,40.00,42.10,2024-01-01
"South East, Managers, directors and senior officials",463,37.5,0,36.1,-0.1,24.90,35.00,35.00,36.80,37.30,37.50,39.90,40.00,40.00,42.50,2024-01-01
"South East, Corporate managers and directors",358,37.5,0,35.8,0.1,23.80,35.00,35.00,36.30,37.30,37.50,39.90,40.00,40.00,42.00,2024-01-01
"South East, Other managers and proprietors",105,37.5,-1.6,37.1,-1,27.00,35.00,36.80,37.00,37.40,39.00,40.00,40.00,40.90,44.80,2024-01-01
"South East, Professional occupations",1198,37,0,33.8,-0.2,21.90,30.10,32.50,33.00,35.00,37.40,37.50,37.50,37.80,40.00,2024-01-01
"South East, Science, research, engineering and technology professionals",338,37.5,0,37.1,0.2,35.00,36.20,36.90,37.00,37.30,37.50,37.50,38.10,39.80,40.00,2024-01-01
"South East, Health professionals",245,37.4,0,32.1,-1.4,16.50,23.00,25.90,29.90,34.40,37.50,37.50,37.50,37.50,40.00,2024-01-01
"South East, Teaching and other educational professionals",296,32.5,0.1,29.7,0.6,14.30,22.40,25.90,28.30,32.50,32.50,35.00,35.90,37.00,38.80,2024-01-01
"South East, Business, media and public service professionals",319,37,0,35.3,0.8,28.00,35.00,35.00,35.00,36.90,37.50,37.50,37.50,37.90,40.00,2024-01-01
"South East, Associate professional occupations",647,37.4,0.2,35.4,0.1,22.50,34.90,35.00,36.20,37.00,37.50,39.00,40.00,40.00,41.80,2024-01-01
"South East, Science, engineering and technology associate professionals",118,37.5,0,37.7,1,34.50,36.20,36.90,37.00,37.40,37.50,39.80,40.00,40.00,42.50,2024-01-01
"South East, Health and social care associate professionals",91,36.3,0.9,31.3,0.1,15.30,22.00,25.10,28.70,34.00,37.00,37.00,37.50,37.50,40.00,2024-01-01
"South East, Protective service occupations",73,40.4,0.9,41.8,1.5,37.00,x,x,40.00,40.00,41.60,42.30,42.90,44.30,x,2024-01-01
"South East, Culture, media and sports occupations",39,29.9,-12.5,24.7,-3.8,3.00,x,x,x,x,35.80,37.50,37.50,37.90,x,2024-01-01
"South East, Business and public service associate professionals",326,37.4,0,35.6,-0.6,28.00,35.00,35.00,36.20,37.00,37.50,37.50,37.90,39.90,40.00,2024-01-01
"South East, Administrative and secretarial occupations",371,35,0,30,0.7,12.00,19.50,21.90,24.80,31.30,37.00,37.50,37.50,37.50,40.00,2024-01-01
"South East, Administrative occupations",303,36.2,0.7,30.7,1,13.10,20.00,22.50,26.50,34.00,37.00,37.50,37.50,37.50,40.00,2024-01-01
"South East, Secretarial and related occupations",68,30,0,27.1,-0.6,10.80,16.00,18.00,20.00,24.20,34.20,36.60,37.00,37.50,39.30,2024-01-01
"South East, Skilled trades occupations",234,40,0,38.3,-0.7,24.10,36.00,37.00,37.40,38.50,40.00,41.90,42.50,44.30,47.40,2024-01-01
"South East, Skilled agricultural and related trades",20,39.8,1.5,37.4,-0.9,22.50,35.10,36.80,37.00,37.50,40.00,40.00,40.60,42.30,x,2024-01-01
"South East, Skilled metal, electrical and electronic trades",120,40,0,40.2,-0.4,35.00,37.10,37.50,37.90,39.60,40.50,42.50,43.40,44.80,47.40,2024-01-01
"South East, Skilled construction and building trades",39,40,0,39.7,-0.3,35.00,37.00,37.50,38.10,40.00,40.00,42.00,42.50,44.50,x,2024-01-01
"South East, Textiles, printing and other skilled trades",56,36.8,-1.4,33.4,-0.6,13.90,22.50,24.90,27.70,32.80,38.30,40.00,40.90,42.70,x,2024-01-01
"South East, Caring, leisure and other service occupations",304,31.3,-0.1,29.9,0.9,10.20,18.00,20.00,23.00,28.30,35.60,37.50,37.50,40.00,45.30,2024-01-01
"South East, Caring personal service occupations",256,31.3,-0.5,30.4,0.6,11.30,18.40,20.70,23.30,28.90,35.00,37.50,37.50,40.00,46.00,2024-01-01
"South East, Leisure, travel and related personal service occupations",44,30,0.7,27.1,-0.1,6.30,13.40,15.30,16.80,23.90,36.00,37.50,38.40,39.90,x,2024-01-01
"South East, Sales and customer service occupations",230,26.3,-1,26.1,-1.9,9.00,13.50,15.20,17.30,22.00,32.10,36.50,37.40,37.50,40.00,2024-01-01
"South East, Sales occupations",171,23.7,-1.5,24.5,-3.4,8.50,12.50,14.20,15.50,19.90,28.50,33.10,36.00,37.50,40.00,2024-01-01
"South East, Customer service occupations",59,36,2.9,30.6,0.7,11.70,20.00,23.10,25.70,34.90,37.00,37.50,37.50,37.70,40.00,2024-01-01
"South East, Process, plant and machine operatives",131,40,0,39.7,0.9,23.90,35.10,37.00,37.50,39.00,41.30,44.50,45.30,47.30,51.50,2024-01-01
"South East, Process, plant and machine operatives",52,39.8,0.3,38.8,0,30.40,36.80,37.20,37.50,38.50,40.00,41.30,42.50,43.60,47.30,2024-01-01
"South East, Transport and mobile machine drivers and operatives",79,40.4,-0.4,40.2,1.5,20.50,34.10,36.80,37.50,39.80,44.10,45.90,47.80,48.60,54.00,2024-01-01
"South East, Elementary occupations",323,26.5,4.6,26.1,0.5,5.80,10.30,12.90,15.30,20.00,33.60,37.40,38.30,40.00,43.50,2024-01-01
"South East, Elementary trades and related occupations",26,40,3.9,38.2,9.5,20.00,32.80,33.90,36.90,38.10,40.00,42.00,43.40,45.10,x,2024-01-01
"South East, Elementary administration and service occupations",296,24.6,4.9,25.1,0.6,5.50,10.00,12.20,14.80,19.60,31.20,37.00,37.50,39.00,42.40,2024-01-01
South West,2309,36.9,-0.1,32.4,-0.1,14.30,22.50,26.30,30.00,35.00,37.50,37.50,39.00,40.00,42.50,2024-01-01
"South West, Managers, directors and senior officials",249,37.5,0,36,-0.5,23.90,34.50,35.00,36.10,37.00,38.30,39.90,40.00,40.00,42.60,2024-01-01
"South West, Corporate managers and directors",190,37.5,0.1,35.4,-1.3,22.10,33.70,35.00,35.00,37.00,37.60,39.80,40.00,40.00,42.00,2024-01-01
"South West, Other managers and proprietors",59,37.7,0.5,37.7,2.2,28.00,35.00,36.80,37.00,37.50,39.90,40.00,40.40,42.30,x,2024-01-01
"South West, Professional occupations",608,36.4,-1.3,33,-0.9,19.80,28.00,30.10,32.50,35.00,37.00,37.50,37.50,37.50,40.00,2024-01-01
"South West, Science, research, engineering and technology professionals",144,37.4,-0.3,36.6,-1.4,34.50,35.00,36.10,36.80,37.00,37.50,37.50,37.90,38.90,40.00,2024-01-01
"South West, Health professionals",159,37,-1.2,31.6,-1.8,16.00,22.50,25.00,28.60,32.00,x,x,37.50,37.50,40.30,2024-01-01
"South West, Teaching and other educational professionals",140,32.4,0,28.5,1.9,14.60,21.20,24.20,26.00,30.70,32.50,32.50,35.00,35.00,x,2024-01-01
"South West, Business, media and public service professionals",164,37,0,34.9,-0.5,27.60,34.70,x,35.00,36.20,37.10,37.50,x,37.50,40.00,2024-01-01
"South West, Associate professional occupations",355,37,0,33.5,-2.2,19.40,29.90,32.20,35.00,36.80,37.40,37.50,37.50,39.00,40.00,2024-01-01
"South West, Science, engineering and technology associate professionals",78,37,0,36.7,2,30.00,35.00,36.40,36.90,37.00,37.50,37.70,39.00,40.00,x,2024-01-01
"South West, Health and social care associate professionals",60,34.7,2.6,30.1,0.2,15.00,20.80,22.50,25.00,30.00,36.90,37.00,37.40,37.50,x,2024-01-01
"South West, Protective service occupations",15,39.8,-0.5,38.2,-2.1,32.20,x,x,35.00,37.00,x,x,40.80,x,x,2024-01-01
"South West, Business and public service associate professionals",177,37,0,34.4,-1.9,22.20,32.00,34.90,35.00,36.90,37.50,x,37.50,38.90,40.00,2024-01-01
"South West, Administrative and secretarial occupations",232,35,0.2,30.6,2.7,14.90,20.90,22.70,26.50,31.60,37.00,37.50,37.50,37.50,40.00,2024-01-01
"South West, Administrative occupations",186,36,3,31.4,3.3,15.00,22.20,24.50,28.80,34.00,37.00,37.50,37.50,37.50,40.00,2024-01-01
"South West, Secretarial and related occupations",46,30.1,0.3,27.7,0,12.00,16.00,18.80,21.00,25.00,34.50,36.50,37.00,37.50,x,2024-01-01
"South West, Skilled trades occupations",166,40,0,38.6,0.2,25.90,35.00,36.80,37.00,38.80,40.00,42.30,43.00,44.50,47.60,2024-01-01
"South West, Skilled agricultural and related trades",12,38.2,0.7,36.8,-1,x,29.60,35.00,36.90,37.40,40.00,40.30,42.20,x,x,2024-01-01
"South West, Skilled metal, electrical and electronic trades",78,40,0,40,-0.1,35.00,37.00,37.00,37.50,39.00,40.00,42.40,43.00,44.10,47.30,2024-01-01
"South West, Skilled construction and building trades",35,40,0,40.7,2.9,35.00,37.50,39.00,40.00,x,41.50,42.90,45.00,45.10,x,2024-01-01
"South West, Textiles, printing and other skilled trades",41,37,-1.3,34.6,-1.6,18.00,25.00,26.30,30.10,34.90,39.80,40.00,42.00,43.60,x,2024-01-01
"South West, Caring, leisure and other service occupations",218,30.6,0.2,29.3,1.2,9.90,16.50,19.60,21.90,26.20,35.00,37.50,37.50,39.90,45.60,2024-01-01
"South West, Caring personal service occupations",180,30.5,1.6,29.6,2.3,10.40,17.50,20.00,22.40,26.60,34.50,37.50,37.50,39.90,46.20,2024-01-01
"South West, Leisure, travel and related personal service occupations",36,30.7,-10.3,27.8,-4,x,14.20,15.90,19.70,24.00,37.00,37.50,38.00,39.90,x,2024-01-01
"South West, Sales and customer service occupations",146,24.9,-1.8,25.1,-2.9,8.60,12.80,14.90,16.30,20.00,30.00,35.10,37.00,37.50,39.90,2024-01-01
"South West, Sales occupations",117,22.2,-1.6,23.7,-3.2,8.10,12.00,14.00,15.60,18.90,27.60,31.90,35.00,37.10,39.90,2024-01-01
"South West, Customer service occupations",29,36.1,3,30.4,-0.3,12.00,18.60,23.10,26.10,32.00,37.00,37.50,37.50,38.00,x,2024-01-01
"South West, Process, plant and machine operatives",114,40.1,0,39.8,1.1,22.50,35.00,37.40,37.90,39.20,42.50,44.80,46.10,47.80,51.60,2024-01-01
"South West, Process, plant and machine operatives",51,39.9,-0.2,38.9,1.7,27.80,36.90,37.40,37.50,38.50,40.00,42.30,43.10,44.70,x,2024-01-01
"South West, Transport and mobile machine drivers and operatives",64,42.5,-0.1,40.5,0.3,19.40,34.30,37.40,38.30,40.00,44.60,46.90,48.00,48.90,53.20,2024-01-01
"South West, Elementary occupations",221,26.1,0.2,26,-0.1,6.40,10.30,12.50,14.80,20.00,34.70,37.50,39.00,40.00,43.60,2024-01-01
"South West, Elementary trades and related occupations",25,39.5,-0.2,36.9,-1.8,16.70,32.50,35.00,36.80,38.00,40.00,42.00,42.80,44.80,x,2024-01-01
"South West, Elementary administration and service occupations",196,23.4,4,24.7,0.6,6.00,9.70,11.50,13.60,18.20,30.20,37.00,37.50,39.40,42.50,2024-01-01
Wales,1217,37,0.2,32.4,-1.1,15.00,23.00,27.40,30.00,35.00,37.10,37.50,38.00,39.70,42.00,2024-01-01
"Wales, Managers, directors and senior officials",98,37.5,0,36.2,-1,25.00,35.00,35.00,36.30,37.00,37.90,39.90,40.00,40.00,42.50,2024-01-01
"Wales, Corporate managers and directors",75,37.4,-0.3,35.5,-1.5,24.10,34.90,35.00,35.10,37.00,37.50,39.40,39.90,40.00,x,2024-01-01
"Wales, Other managers and proprietors",23,37.5,0.3,38.3,0.9,30.60,35.60,36.80,37.00,37.00,39.90,40.00,40.20,41.00,x,2024-01-01
"Wales, Professional occupations",321,36.9,1,33.1,-0.7,19.40,29.10,32.20,32.50,35.00,37.00,37.50,37.50,37.50,40.00,2024-01-01
"Wales, Science, research, engineering and technology professionals",61,37,0.1,36.6,0.4,34.50,35.00,35.90,36.90,37.00,37.50,37.50,37.90,38.50,x,2024-01-01
"Wales, Health professionals",102,37.5,0.2,33,1,15.10,24.00,29.90,32.00,37.30,37.50,37.50,37.50,39.10,40.40,2024-01-01
"Wales, Teaching and other educational professionals",79,32.5,0.1,28.1,-4.7,13.00,20.30,25.90,27.40,29.90,x,32.50,x,35.00,x,2024-01-01
"Wales, Business, media and public service professionals",80,37,0.2,35.5,1,30.80,35.00,35.00,35.00,36.90,37.00,37.50,37.50,37.50,39.00,2024-01-01
"Wales, Associate professional occupations",170,37,0,34.7,-1.3,22.40,32.50,35.00,35.00,37.00,37.40,37.50,37.90,39.20,40.00,2024-01-01
"Wales, Science, engineering and technology associate professionals",39,37.5,0.2,36.1,-2.2,25.60,35.60,36.90,37.00,37.00,37.50,37.90,38.90,39.80,x,2024-01-01
"Wales, Health and social care associate professionals",28,36.9,2.7,32.3,-1.5,21.20,25.50,30.00,32.40,35.00,37.00,x,x,x,x,2024-01-01
"Wales, Protective service occupations",14,40,0,40.2,-1,36.90,37.10,37.90,39.20,39.90,40.00,41.40,42.00,x,x,2024-01-01
"Wales, Culture, media and sports occupations",11,33.9,,26.8,7.5,x,x,x,x,x,36.80,37.00,x,x,x,2024-01-01
"Wales, Business and public service associate professionals",78,37,0,34.9,-0.3,25.80,34.00,35.00,35.00,36.90,37.00,37.50,37.50,37.90,x,2024-01-01
"Wales, Administrative and secretarial occupations",133,36.7,-0.5,31,-2.4,15.00,21.50,24.00,27.90,34.80,37.00,37.40,37.50,37.50,39.90,2024-01-01
"Wales, Administrative occupations",111,36.9,0,31.9,-3,16.00,22.50,27.00,30.00,35.00,37.00,37.40,37.50,37.50,40.00,2024-01-01
"Wales, Secretarial and related occupations",22,27.8,-0.3,26.6,-0.4,8.00,15.00,16.10,19.90,22.70,31.90,37.00,37.50,37.50,x,2024-01-01
"Wales, Skilled trades occupations",78,38.8,-0.9,38.2,-0.4,27.80,34.90,36.80,37.00,37.50,40.00,40.90,42.00,43.70,47.50,2024-01-01
"Wales, Skilled metal, electrical and electronic trades",42,38.9,-1.8,39.8,1,34.90,37.00,37.00,37.50,37.80,40.00,41.40,43.00,44.10,x,2024-01-01
"Wales, Skilled construction and building trades",13,40,0,41,0.4,36.90,37.30,37.80,38.90,39.80,40.10,41.90,42.30,x,x,2024-01-01
"Wales, Textiles, printing and other skilled trades",20,35,-5.4,33.3,-4.3,19.40,23.90,27.50,29.60,31.20,37.00,39.20,40.00,41.50,x,2024-01-01
"Wales, Caring, leisure and other service occupations",143,30,0,29.1,-0.2,11.00,18.40,21.20,23.00,27.40,34.50,37.00,37.50,37.50,42.30,2024-01-01
"Wales, Caring personal service occupations",125,30,0,29.5,-0.1,12.20,19.60,22.20,23.80,27.50,34.40,37.00,37.50,37.90,42.70,2024-01-01
"Wales, Leisure, travel and related personal service occupations",17,28,8,25,-0.5,x,x,13.10,14.80,20.00,33.30,37.00,37.00,37.40,x,2024-01-01
"Wales, Sales and customer service occupations",80,27.3,5.7,26.5,1.1,10.50,15.80,16.70,18.50,22.30,32.00,36.90,37.00,37.50,39.90,2024-01-01
"Wales, Sales occupations",61,24,0.2,24.9,-0.2,9.30,14.00,16.00,16.90,20.00,28.30,33.80,36.70,37.50,39.90,2024-01-01
"Wales, Customer service occupations",19,36.5,4.2,31.5,4,16.00,21.10,24.20,30.00,35.00,37.00,37.20,x,37.50,x,2024-01-01
"Wales, Process, plant and machine operatives",71,40,0,39.7,-3.3,23.00,34.10,36.40,37.00,38.20,40.70,44.00,45.00,47.00,54.60,2024-01-01
"Wales, Process, plant and machine operatives",38,39,-2.5,39.1,-2.9,30.50,35.90,36.90,37.00,38.00,40.00,41.00,41.90,44.00,x,2024-01-01
"Wales, Transport and mobile machine drivers and operatives",34,40.5,-3.5,40.4,-3.8,19.60,30.00,35.50,37.00,39.10,44.20,46.40,48.00,50.00,x,2024-01-01
"Wales, Elementary occupations",123,26.9,-6.4,26,-4.7,5.30,10.50,13.00,15.50,20.00,35.00,37.40,38.50,39.90,42.50,2024-01-01
"Wales, Elementary trades and related occupations",15,39.9,-0.2,36.5,-6.2,x,32.50,35.50,37.00,38.70,40.00,41.90,42.50,44.90,x,2024-01-01
"Wales, Elementary administration and service occupations",108,24.4,-2.5,24.5,-4.6,5.10,10.00,11.80,14.50,18.20,30.00,36.90,37.40,38.50,41.30,2024-01-01
Scotland,2422,35.4,-1.6,32.4,-0.9,15.00,23.00,28.00,31.50,35.00,37.00,37.50,37.90,39.30,41.30,2024-01-01
"Scotland, Managers, directors and senior officials",204,37,0,36,-0.1,28.30,x,35.00,35.00,36.50,37.50,39.10,40.00,40.00,41.90,2024-01-01
"Scotland, Corporate managers and directors",161,37,0,35.8,-0.2,28.00,35.00,35.00,35.00,36.20,37.50,38.90,39.90,40.00,41.40,2024-01-01
"Scotland, Other managers and proprietors",43,37.5,0,36.8,0.4,30.30,35.00,35.00,35.50,37.00,38.80,40.00,40.00,40.50,x,2024-01-01
"Scotland, Professional occupations",706,35,-1.2,33.1,-1.7,20.90,29.70,34.00,35.00,35.00,36.90,37.00,37.00,37.50,40.00,2024-01-01
"Scotland, Science, research, engineering and technology professionals",150,37,-1.1,36.3,-1.9,34.60,35.00,35.00,35.90,36.90,37.40,37.50,37.60,38.20,40.00,2024-01-01
"Scotland, Health professionals",206,37,-1.3,31.9,-1.8,16.00,22.70,25.80,29.70,34.00,x,37.00,37.20,38.30,40.00,2024-01-01
"Scotland, Teaching and other educational professionals",175,35,0,29.8,-2.6,14.00,21.00,27.10,29.50,35.00,x,x,x,35.00,35.00,2024-01-01
"Scotland, Business, media and public service professionals",175,35.9,-0.2,35.1,0.5,30.50,35.00,x,35.00,35.00,37.00,37.00,37.50,37.50,39.80,2024-01-01
"Scotland, Associate professional occupations",381,36.5,-1.3,34.1,-2.3,20.20,31.50,35.00,35.00,35.00,37.00,37.50,39.00,40.00,40.50,2024-01-01
"Scotland, Science, engineering and technology associate professionals",69,37,-1.3,37.8,-0.2,34.90,35.00,35.00,35.40,37.00,37.50,39.00,40.00,40.70,x,2024-01-01
"Scotland, Health and social care associate professionals",83,35,0,30.7,-1.5,16.00,22.40,24.90,29.10,32.80,35.00,36.00,36.20,37.00,38.40,2024-01-01
"Scotland, Protective service occupations",51,40,0,37.1,-3.1,x,37.50,40.00,x,x,x,x,40.00,41.10,x,2024-01-01
"Scotland, Culture, media and sports occupations",22,29.9,-14.3,25.5,-7.1,x,x,x,x,x,35.00,37.40,37.50,37.90,x,2024-01-01
"Scotland, Business and public service associate professionals",157,36.2,-1.8,34.5,-1.9,25.20,34.90,35.00,35.00,35.00,37.00,37.50,37.50,37.80,40.00,2024-01-01
"Scotland, Administrative and secretarial occupations",228,35,0,31.1,0.8,16.00,21.90,24.90,29.10,35.00,36.00,37.00,37.00,37.40,39.00,2024-01-01
"Scotland, Administrative occupations",194,35,0,31.8,1.3,17.50,22.50,28.00,30.70,35.00,36.20,37.00,37.00,37.40,39.10,2024-01-01
"Scotland, Secretarial and related occupations",34,29.3,-5.9,27.4,-2.2,10.70,16.80,19.40,20.80,25.00,34.40,35.00,36.20,37.00,x,2024-01-01
"Scotland, Skilled trades occupations",146,39,-1.3,38.8,-0.5,29.90,36.00,36.80,37.00,38.00,40.00,41.00,42.00,43.50,47.20,2024-01-01
"Scotland, Skilled agricultural and related trades",11,37,-5,35,-6.1,x,31.10,32.50,35.00,36.20,39.00,40.00,40.00,x,x,2024-01-01
"Scotland, Skilled metal, electrical and electronic trades",68,40,0,40.9,0.7,36.00,37.00,37.50,37.90,39.00,40.70,43.00,44.00,45.00,49.00,2024-01-01
"Scotland, Skilled construction and building trades",35,39,0,39.7,-1.4,36.00,36.90,37.00,37.90,x,40.00,40.50,41.40,42.50,x,2024-01-01
"Scotland, Textiles, printing and other skilled trades",33,37,-0.8,34.6,-1.6,19.90,25.90,28.70,30.00,35.00,38.40,40.00,40.00,41.70,x,2024-01-01
"Scotland, Caring, leisure and other service occupations",271,30,-4.7,28.3,-2.6,11.00,16.60,19.40,21.80,25.60,35.00,x,37.00,37.50,40.50,2024-01-01
"Scotland, Caring personal service occupations",224,29.7,-2.1,28,-3.4,10.70,16.60,19.30,21.60,25.00,34.40,37.00,37.00,37.00,40.40,2024-01-01
"Scotland, Leisure, travel and related personal service occupations",43,34,-0.3,29.5,0.3,11.90,16.40,19.00,21.70,29.10,36.30,37.50,37.50,39.10,x,2024-01-01
"Scotland, Sales and customer service occupations",146,25.8,-2,25.9,-2,10.20,14.80,16.00,17.30,21.20,31.70,35.50,36.90,37.50,39.90,2024-01-01
"Scotland, Sales occupations",105,22.7,-2.6,24.3,-2.2,9.90,13.50,15.00,16.00,19.40,27.30,32.00,35.30,37.40,39.80,2024-01-01
"Scotland, Customer service occupations",42,35,0,30,-3,13.50,18.70,22.80,24.90,32.80,36.10,37.00,37.40,37.50,39.90,2024-01-01
"Scotland, Process, plant and machine operatives",118,40,0,39.9,-1.5,24.00,35.00,36.90,37.40,38.50,41.60,44.00,45.50,48.00,52.50,2024-01-01
"Scotland, Process, plant and machine operatives",52,39,-0.1,38.4,-0.8,29.20,36.00,36.90,37.30,38.00,39.90,40.50,41.90,43.00,x,2024-01-01
"Scotland, Transport and mobile machine drivers and operatives",66,42,0,41,-1.8,20.70,35.00,36.20,37.50,40.00,44.00,47.70,49.10,50.00,55.80,2024-01-01
"Scotland, Elementary occupations",222,26.5,-1.1,26.3,-1.2,8.00,12.90,14.90,16.00,20.20,33.30,37.00,37.50,39.00,42.00,2024-01-01
"Scotland, Elementary trades and related occupations",20,39,0,37.4,-0.6,21.60,35.00,36.00,36.80,38.20,39.80,40.40,41.70,43.00,x,2024-01-01
"Scotland, Elementary administration and service occupations",202,24.1,0.5,25.2,-0.7,7.70,12.50,14.10,15.50,20.00,30.10,36.00,37.00,38.00,40.90,2024-01-01
Northern Ireland,1043,37,0,32.9,0,14.40,23.00,27.80,31.10,35.00,37.50,39.00,40.00,40.00,42.60,2024-01-01
